IndividualA_ID,IndividualB_ID,Year,DSI,Log,RValue_Dyad,KinshipCategory_Dyad,AgeDifference_years_Dyad,DominanceRank_IndividualA,DominanceRank_IndB,Rank Difference,Centrality_IndividualA,Centrality_IndividualB,PresenceMaleInfant_IndividualA,PresenceFemaleInfant_IndividualA,PresenceMaleInfant_IndividualB,PresenceFemaleInfant_IndividualB,Male Infant Present,Female Infant Present
2,1,2010,1.244,0.128399269,0.062,maternal sib,2,0.4,0,0.4,0.742,0.705,0,1,0,0,0,1
2,1,2011,2.602,0.431685345,0.062,maternal sib,2,0.3,0,0.3,0.838,0.866,0,0,0,0,0,0
8,1,2010,1.387,0.172310969,0,maternal non-kin,4.9,0.7,0,0.7,0.845,0.705,0,0,0,0,0,0
8,1,2011,1.531,0.212453961,0,maternal non-kin,4.9,0.7,0,0.7,0.887,0.866,0,0,0,0,0,0
11,1,2010,1.336,0.15715444,0,maternal non-kin,3,0.6,0,0.6,0.758,0.705,0,0,0,0,0,0
11,1,2011,1.298,0.145507171,0,maternal non-kin,3,0.5,0,0.5,0.875,0.866,0,0,0,0,0,0
18,1,2010,0.213,-0.504455662,0.221,maternal non-kin,1.1,0.1,0,0.1,0.921,0.705,1,0,0,0,1,0
18,1,2011,0.355,-0.341988603,0.221,maternal non-kin,1.1,0.6,0,0.6,0.887,0.866,1,0,0,0,1,0
26,1,2010,1.05,0.06069784,0.07,maternal non-kin,4.3,0.9,0,0.9,0.951,0.705,0,0,0,0,0,0
26,1,2011,0.325,-0.37161107,0.07,maternal non-kin,4.3,0.9,0,0.9,0.929,0.866,1,0,0,0,1,0
27,1,2010,1.034,0.054613055,0.031,Excluded from model testing for effect of kinship categories,15.9,0.3,0,0.3,0.74,0.705,0,1,0,0,0,1
27,1,2011,1.592,0.228400359,0.031,Excluded from model testing for effect of kinship categories,15.9,0.2,0,0.2,0.731,0.866,0,0,0,0,0,0
28,1,2010,0.381,-0.317854924,0,maternal non-kin,2.1,0.8,0,0.8,0.882,0.705,0,0,0,0,0,0
28,1,2011,0.466,-0.247183569,0,maternal non-kin,2.1,0.8,0,0.8,0.94,0.866,0,0,0,0,0,0
29,1,2010,0,-1,0.022,maternal non-kin,6.7,1,0,1,0.956,0.705,0,0,0,0,0,0
29,1,2011,0.299,-0.399027104,0.022,maternal non-kin,6.7,1,0,1,0.976,0.866,0,1,0,0,0,1
30,1,2010,2.897,0.476686743,0.519,mother-offspring,8.9,0.5,0,0.5,0.692,0.705,0,0,0,0,0,0
30,1,2011,1.051,0.061075324,0.519,mother-offspring,8.9,0.4,0,0.4,0.863,0.866,0,0,0,0,0,0
32,1,2010,2.29,0.378397901,0.172,maternal non-kin,6.2,0.2,0,0.2,0.602,0.705,0,0,0,0,0,0
32,1,2011,0.571,-0.17327748,0.172,maternal non-kin,6.2,0.1,0,0.1,0.875,0.866,0,0,0,0,0,0
8,2,2009,3.328,0.535040813,0.406,paternal sib,3,0.778,0.333,0.445,0.809,0.766,0,1,0,1,0,1
8,2,2010,0.307,-0.390405591,0.406,paternal sib,3,0.7,0.4,0.3,0.845,0.742,0,0,0,1,0,1
8,2,2011,1.372,0.16790781,0.406,paternal sib,3,0.7,0.3,0.4,0.887,0.838,0,0,0,0,0,0
11,2,2009,4.51,0.663700925,0.123,paternal sib,1,0.556,0.333,0.223,0.81,0.766,0,0,0,1,0,1
11,2,2010,0.377,-0.321481621,0.123,paternal sib,1,0.6,0.4,0.2,0.758,0.742,0,0,0,1,0,1
11,2,2011,0.502,-0.220403509,0.123,paternal sib,1,0.5,0.3,0.2,0.875,0.838,0,0,0,0,0,0
18,2,2009,1.792,0.276921132,0,maternal non-kin,0.9,0,0.333,0.333,0.729,0.766,0,0,0,1,0,1
18,2,2010,1.114,0.084218687,0,maternal non-kin,0.9,0.1,0.4,0.3,0.921,0.742,1,0,0,1,1,1
18,2,2011,0.797,-0.047207557,0,maternal non-kin,0.9,0.6,0.3,0.3,0.887,0.838,1,0,0,0,1,0
26,2,2009,3.389,0.542700969,0,maternal non-kin,2.3,0.889,0.333,0.556,0.841,0.766,0,0,0,1,0,1
26,2,2010,0.681,-0.107348966,0,maternal non-kin,2.3,0.9,0.4,0.5,0.951,0.742,0,0,0,1,0,1
26,2,2011,0.26,-0.443697499,0,maternal non-kin,2.3,0.9,0.3,0.6,0.929,0.838,1,0,0,0,1,0
27,2,2009,0.103,-0.692503962,0.35,Excluded from model testing for effect of kinship categories,13.9,0.222,0.333,0.111,0.609,0.766,0,0,0,1,0,1
27,2,2010,0.62,-0.142667504,0.35,Excluded from model testing for effect of kinship categories,13.9,0.3,0.4,0.1,0.74,0.742,0,1,0,1,0,1
27,2,2011,0.241,-0.467245621,0.35,Excluded from model testing for effect of kinship categories,13.9,0.2,0.3,0.1,0.731,0.838,0,0,0,0,0,0
28,2,2009,3.626,0.571242851,0,maternal non-kin,0.2,0.667,0.333,0.334,0.969,0.766,1,0,0,1,1,1
28,2,2010,0.32,-0.37675071,0,maternal non-kin,0.2,0.8,0.4,0.4,0.882,0.742,0,0,0,1,0,1
28,2,2011,0.379,-0.319664487,0,maternal non-kin,0.2,0.8,0.3,0.5,0.94,0.838,0,0,0,0,0,0
29,2,2009,1.694,0.253822439,0,maternal non-kin,4.7,1,0.333,0.667,0.879,0.766,0,0,0,1,0,1
29,2,2010,0.075,-0.756961951,0,maternal non-kin,4.7,1,0.4,0.6,0.956,0.742,0,0,0,1,0,1
29,2,2011,0.116,-0.665546249,0,maternal non-kin,4.7,1,0.3,0.7,0.976,0.838,0,1,0,0,0,1
30,2,2009,0.716,-0.088309841,0.5,mother-offspring,7,0.444,0.333,0.111,0.591,0.766,1,0,0,1,1,1
30,2,2010,0.553,-0.185086819,0.5,mother-offspring,7,0.5,0.4,0.1,0.692,0.742,0,0,0,1,0,1
30,2,2011,1.993,0.320769228,0.5,mother-offspring,7,0.4,0.3,0.1,0.863,0.838,0,0,0,0,0,0
32,2,2009,0,-1,0.034,maternal non-kin,4.2,0.111,0.333,0.222,0.619,0.766,0,0,0,1,0,1
32,2,2010,0.075,-0.756961951,0.034,maternal non-kin,4.2,0.2,0.4,0.2,0.602,0.742,0,0,0,1,0,1
32,2,2011,0.497,-0.224025669,0.034,maternal non-kin,4.2,0.1,0.3,0.2,0.875,0.838,0,0,0,0,0,0
6,3,2005,1.28,0.139879086,0.524,mother-offspring,16.6,0.25,0,0.25,NA,NA,0,0,0,1,0,1
6,3,2006,0.688,-0.103473783,0.524,mother-offspring,16.6,0,0.25,0.25,NA,NA,0,0,0,0,0,0
6,3,2007,1.106,0.081347308,0.524,mother-offspring,16.6,0,0.5,0.5,NA,NA,0,0,1,0,1,0
6,3,2008,0.906,0.002597981,0.524,mother-offspring,16.6,0,0.5,0.5,NA,NA,1,0,1,0,1,0
7,3,2005,1.775,0.273001272,0,maternal non-kin,8.4,0.5,0,0.5,NA,NA,0,1,0,1,0,1
7,3,2006,0.684,-0.105683937,0,maternal non-kin,8.4,0.75,0.25,0.5,NA,NA,0,1,0,0,0,1
7,3,2007,0.521,-0.2069084,0,maternal non-kin,8.4,0.75,0.5,0.25,NA,NA,0,1,1,0,1,1
7,3,2008,0.39,-0.30980392,0,maternal non-kin,8.4,0.75,0.5,0.25,NA,NA,0,1,1,0,1,1
7,3,2009,0.404,-0.297569464,0,maternal non-kin,8.4,0.8,0.2,0.6,0.903,0.665,0,1,0,0,0,1
10,3,2005,1.524,0.210586025,0.06,maternal non-kin,6.2,1,0,1,NA,NA,1,0,0,1,1,1
10,3,2006,0.534,-0.197910742,0.06,maternal non-kin,6.2,1,0.25,0.75,NA,NA,0,1,0,0,0,1
10,3,2007,0.59,-0.161150909,0.06,maternal non-kin,6.2,1,0.5,0.5,NA,NA,0,1,1,0,1,1
10,3,2008,0.625,-0.139661993,0.06,maternal non-kin,6.2,1,0.5,0.5,NA,NA,0,1,1,0,1,1
10,3,2009,0.798,-0.046723663,0.06,maternal non-kin,6.2,1,0.2,0.8,0.891,0.665,0,1,0,0,0,1
22,3,2009,0.484,-0.233587153,0.534,mother-offspring,20.3,0,0.2,0.2,0.851,0.665,1,0,0,0,1,0
25,3,2005,1.379,0.169968174,0.5,mother-offspring,13.2,0.75,0,0.75,NA,NA,0,1,0,1,0,1
25,3,2006,0.876,-0.010550182,0.5,mother-offspring,13.2,0.5,0.25,0.25,NA,NA,0,1,0,0,0,1
25,3,2007,0.492,-0.227678293,0.5,mother-offspring,13.2,0.25,0.5,0.25,NA,NA,1,0,1,0,1,0
25,3,2008,1.134,0.09131516,0.5,mother-offspring,13.2,0.25,0.5,0.25,NA,NA,0,0,1,0,1,0
25,3,2009,1.956,0.31302311,0.5,mother-offspring,13.2,0.6,0.2,0.4,0.75,0.665,0,0,0,0,0,0
6,4,2010,3.304,0.531989551,0,maternal non-kin,5.3,0.571,0.429,0.142,0.868,0.991,0,1,0,0,0,1
6,4,2011,1.229,0.123524981,0,maternal non-kin,5.3,0.333,0.667,0.334,0.875,0.955,0,1,0,0,0,1
7,4,2010,3.506,0.557025722,0.5,mother-offspring,13.4,0.857,0.429,0.428,0.898,0.991,0,1,0,0,0,1
7,4,2011,2.467,0.409425869,0.5,mother-offspring,13.4,0.833,0.667,0.166,0.928,0.955,0,0,0,0,0,0
10,4,2010,2.437,0.404320467,0,maternal non-kin,15.6,1,0.429,0.571,0.929,0.991,0,1,0,0,0,1
10,4,2011,2.343,0.387923467,0,maternal non-kin,15.6,1,0.667,0.333,0.941,0.955,0,1,0,0,0,1
19,4,2010,0.776,-0.057495894,0.328,paternal sib,0.4,0,0.429,0.429,0.896,0.991,0,0,0,0,0,0
19,4,2011,0.754,-0.068542129,0.328,paternal sib,0.4,0,0.667,0.667,0.837,0.955,0,0,0,0,0,0
22,4,2010,0.423,-0.281498311,0.003,maternal non-kin,1.5,0.286,0.429,0.143,0.754,0.991,1,0,0,0,1,0
22,4,2011,0.929,0.012415375,0.003,maternal non-kin,1.5,0.167,0.667,0.5,0.828,0.955,0,0,0,0,0,0
25,4,2010,0.359,-0.338187314,0.005,maternal non-kin,8.7,0.714,0.429,0.285,0.812,0.991,1,0,0,0,1,0
25,4,2011,0.696,-0.099086932,0.005,maternal non-kin,8.7,0.5,0.667,0.167,0.83,0.955,0,0,0,0,0,0
31,4,2010,1.381,0.170555059,0.09,paternal sib,0,0.143,0.429,0.286,0.817,0.991,0,0,0,0,0,0
9,5,2009,0,-1,0.068,maternal non-kin,4.3,0.3,0.8,0.5,0.824,0.942,0,1,0,0,0,1
9,5,2010,0,-1,0.068,maternal non-kin,4.3,0.333,0.889,0.556,0.76,0.917,0,0,0,0,0,0
9,5,2011,0.054,-0.812479279,0.068,maternal non-kin,4.3,0.333,0.889,0.556,0.8,0.963,0,0,0,0,0,0
12,5,2009,0.15,-0.602059991,0.091,maternal non-kin,2.1,0,0.8,0.8,0.894,0.942,1,0,0,0,1,0
12,5,2010,0.969,0.028977705,0.091,maternal non-kin,2.1,0,0.889,0.889,0.774,0.917,0,0,0,0,0,0
12,5,2011,0.51,-0.214670165,0.091,maternal non-kin,2.1,0,0.889,0.889,0.921,0.963,0,0,0,0,0,0
13,5,2009,1.731,0.262688344,0.471,mother-offspring,7.1,1,0.8,0.2,0.959,0.942,0,0,0,0,0,0
13,5,2010,7.443,0.877544108,0.471,mother-offspring,7.1,1,0.889,0.111,0.939,0.917,0,0,0,0,0,0
13,5,2011,4.73,0.683947131,0.471,mother-offspring,7.1,1,0.889,0.111,0.969,0.963,0,0,0,0,0,0
14,5,2009,1.046,0.059184618,0.105,maternal non-kin,11.1,0.5,0.8,0.3,0.929,0.942,0,0,0,0,0,0
14,5,2010,1.468,0.195346058,0.105,maternal non-kin,11.1,0.444,0.889,0.445,0.8,0.917,0,0,0,0,0,0
14,5,2011,1.368,0.166726056,0.105,maternal non-kin,11.1,0.556,0.889,0.333,0.917,0.963,0,0,0,0,0,0
16,5,2009,0.823,-0.034798299,0.048,maternal non-kin,17.1,0.6,0.8,0.2,0.929,0.942,1,0,0,0,1,0
16,5,2010,0.414,-0.289036881,0.048,maternal non-kin,17.1,0.556,0.889,0.333,0.711,0.917,0,0,0,0,0,0
16,5,2011,1.665,0.24674471,0.048,maternal non-kin,17.1,0.667,0.889,0.222,0.834,0.963,1,0,0,0,1,0
17,5,2009,0,-1,0.099,maternal non-kin,9.1,0.2,0.8,0.6,0.818,0.942,0,0,0,0,0,0
17,5,2010,0.912,0.005180513,0.099,maternal non-kin,9.1,0.222,0.889,0.667,0.83,0.917,1,0,0,0,1,0
17,5,2011,0.456,-0.254925208,0.099,maternal non-kin,9.1,0.222,0.889,0.667,0.851,0.963,0,0,0,0,0,0
20,5,2009,1.042,0.057666104,0,maternal non-kin,1,0.1,0.8,0.7,0.844,0.942,1,0,0,0,1,0
20,5,2010,0.212,-0.505845406,0,maternal non-kin,1,0.111,0.889,0.778,0.822,0.917,1,0,0,0,1,0
20,5,2011,0.538,-0.195179321,0,maternal non-kin,1,0.111,0.889,0.778,0.921,0.963,0,0,0,0,0,0
21,5,2009,0.421,-0.283162277,0,paternal sib,4.6,0.7,0.8,0.1,0.915,0.942,0,0,0,0,0,0
21,5,2010,1.382,0.170848204,0,paternal sib,4.6,0.778,0.889,0.111,0.889,0.917,0,0,0,0,0,0
21,5,2011,2.606,0.432327792,0,paternal sib,4.6,0.778,0.889,0.111,0.95,0.963,0,1,0,0,0,1
23,5,2009,2.926,0.480868924,0.161,paternal sib,3,0.4,0.8,0.4,0.789,0.942,0,1,0,0,0,1
23,5,2010,1.736,0.263872677,0.161,paternal sib,3,0.667,0.889,0.222,0.9,0.917,0,1,0,0,0,1
23,5,2011,0.455,-0.255707017,0.161,paternal sib,3,0.444,0.889,0.445,0.911,0.963,0,0,0,0,0,0
7,6,2005,0.29,-0.408935393,0.056,maternal non-kin,8.2,0.5,0.25,0.25,NA,NA,0,1,0,0,0,1
7,6,2006,0.221,-0.493494968,0.056,maternal non-kin,8.2,0.75,0,0.75,NA,NA,0,1,0,0,0,1
7,6,2007,1.347,0.160468531,0.056,maternal non-kin,8.2,0.75,0,0.75,NA,NA,0,1,0,0,0,1
7,6,2008,1.083,0.072984745,0.056,maternal non-kin,8.2,0.75,0,0.75,NA,NA,0,1,1,0,1,1
7,6,2009,0.364,-0.333482019,0.056,maternal non-kin,8.2,0.8,0.4,0.4,0.903,0.712,0,1,0,0,0,1
7,6,2010,1.17,0.103803721,0.056,maternal non-kin,8.2,0.857,0.571,0.286,0.898,0.868,0,1,0,1,0,1
7,6,2011,0.931,0.013258665,0.056,maternal non-kin,8.2,0.833,0.333,0.5,0.928,0.875,0,0,0,1,0,1
10,6,2005,0.349,-0.347753659,0.015,maternal non-kin,10.3,1,0.25,0.75,NA,NA,1,0,0,0,1,0
10,6,2006,0.511,-0.21395879,0.015,maternal non-kin,10.3,1,0,1,NA,NA,0,1,0,0,0,1
10,6,2007,1.072,0.068927612,0.015,maternal non-kin,10.3,1,0,1,NA,NA,0,1,0,0,0,1
10,6,2008,1.255,0.131939295,0.015,maternal non-kin,10.3,1,0,1,NA,NA,0,1,1,0,1,1
10,6,2009,0.751,-0.07007044,0.015,maternal non-kin,10.3,1,0.4,0.6,0.891,0.712,0,1,0,0,0,1
10,6,2010,2.014,0.325104983,0.015,maternal non-kin,10.3,1,0.571,0.429,0.929,0.868,0,1,0,1,0,1
10,6,2011,0.86,-0.017728767,0.015,maternal non-kin,10.3,1,0.333,0.667,0.941,0.875,0,1,0,1,0,1
19,6,2010,1.725,0.261262869,0.154,maternal non-kin,5.7,0,0.571,0.571,0.896,0.868,0,0,0,1,0,1
19,6,2011,0.837,-0.028260409,0.154,maternal non-kin,5.7,0,0.333,0.333,0.837,0.875,0,0,0,1,0,1
22,6,2009,0.19,-0.537602002,0.5,maternal sib,3.7,0,0.4,0.4,0.851,0.712,1,0,0,0,1,0
22,6,2010,0.543,-0.191789027,0.5,maternal sib,3.7,0.286,0.571,0.285,0.754,0.868,1,0,0,1,1,1
22,6,2011,1.052,0.061452479,0.5,maternal sib,3.7,0.167,0.333,0.166,0.828,0.875,0,0,0,1,0,1
25,6,2005,0.162,-0.581698709,0.325,maternal sib,3.4,0.75,0.25,0.5,NA,NA,0,1,0,0,0,1
25,6,2006,0.58,-0.167491087,0.325,maternal sib,3.4,0.5,0,0.5,NA,NA,0,1,0,0,0,1
25,6,2007,0.321,-0.375717904,0.325,maternal sib,3.4,0.25,0,0.25,NA,NA,1,0,0,0,1,0
25,6,2008,1.37,0.167317335,0.325,maternal sib,3.4,0.25,0,0.25,NA,NA,0,0,1,0,1,0
25,6,2009,1.11,0.08278537,0.325,maternal sib,3.4,0.6,0.4,0.2,0.75,0.712,0,0,0,0,0,0
25,6,2010,1.367,0.166430114,0.325,maternal sib,3.4,0.714,0.571,0.143,0.812,0.868,1,0,0,1,1,1
25,6,2011,1.233,0.124830149,0.325,maternal sib,3.4,0.5,0.333,0.167,0.83,0.875,0,0,0,1,0,1
31,6,2010,1.542,0.215373153,0.413,maternal sib,5.3,0.143,0.571,0.428,0.817,0.868,0,0,0,1,0,1
10,7,2005,1.307,0.148294097,0.306,maternal sib,2.2,1,0.5,0.5,NA,NA,1,0,0,1,1,1
10,7,2006,3.073,0.501470072,0.306,maternal sib,2.2,1,0.75,0.25,NA,NA,0,1,0,1,0,1
10,7,2007,1.585,0.226599905,0.306,maternal sib,2.2,1,0.75,0.25,NA,NA,0,1,0,1,0,1
10,7,2008,2.142,0.350635608,0.306,maternal sib,2.2,1,0.75,0.25,NA,NA,0,1,0,1,0,1
10,7,2009,3.755,0.586024382,0.306,maternal sib,2.2,1,0.8,0.2,0.891,0.903,0,1,0,1,0,1
10,7,2010,0.54,-0.193820026,0.306,maternal sib,2.2,1,0.857,0.143,0.929,0.898,0,1,0,1,0,1
10,7,2011,2.412,0.400019635,0.306,maternal sib,2.2,1,0.833,0.167,0.941,0.928,0,1,0,0,0,1
19,7,2010,0.091,-0.718966633,0,maternal non-kin,13.9,0,0.857,0.857,0.896,0.898,0,0,0,1,0,1
19,7,2011,1.284,0.14113609,0,maternal non-kin,13.9,0,0.833,0.833,0.837,0.928,0,0,0,0,0,0
22,7,2009,1.096,0.07773118,0.036,maternal non-kin,11.9,0,0.8,0.8,0.851,0.903,1,0,0,1,1,1
22,7,2010,0.364,-0.333482019,0.036,maternal non-kin,11.9,0.286,0.857,0.571,0.754,0.898,1,0,0,1,1,1
22,7,2011,0.814,-0.039053804,0.036,maternal non-kin,11.9,0.167,0.833,0.666,0.828,0.928,0,0,0,0,0,0
25,7,2005,0.572,-0.172630727,0,maternal non-kin,4.8,0.75,0.5,0.25,NA,NA,0,1,0,1,0,1
25,7,2006,1.227,0.122870923,0,maternal non-kin,4.8,0.5,0.75,0.25,NA,NA,0,1,0,1,0,1
25,7,2007,1.299,0.145817714,0,maternal non-kin,4.8,0.25,0.75,0.5,NA,NA,1,0,0,1,1,1
25,7,2008,0.383,-0.316052869,0,maternal non-kin,4.8,0.25,0.75,0.5,NA,NA,0,0,0,1,0,1
25,7,2009,0.735,-0.078313525,0,maternal non-kin,4.8,0.6,0.8,0.2,0.75,0.903,0,0,0,1,0,1
25,7,2010,0.516,-0.210419288,0,maternal non-kin,4.8,0.714,0.857,0.143,0.812,0.898,1,0,0,1,1,1
25,7,2011,0.336,-0.360513511,0,maternal non-kin,4.8,0.5,0.833,0.333,0.83,0.928,0,0,0,0,0,0
31,7,2010,0.216,-0.500312917,0.181,maternal non-kin,13.4,0.143,0.857,0.714,0.817,0.898,0,0,0,1,0,1
11,8,2007,3.071,0.501196242,0.642,full sib,2,0,0.5,0.5,NA,NA,0,0,1,0,1,0
11,8,2008,1.471,0.196176185,0.642,full sib,2,0.167,0.667,0.5,NA,NA,0,0,0,0,0,0
11,8,2009,1.859,0.292034436,0.642,full sib,2,0.556,0.778,0.222,0.81,0.809,0,0,0,1,0,1
11,8,2010,0.672,-0.1123827,0.642,full sib,2,0.6,0.7,0.1,0.758,0.845,0,0,0,0,0,0
11,8,2011,3.574,0.565139152,0.642,full sib,2,0.5,0.7,0.2,0.875,0.887,0,0,0,0,0,0
18,8,2009,0.106,-0.68613278,0.038,maternal non-kin,3.8,0,0.778,0.778,0.729,0.809,0,0,0,1,0,1
18,8,2010,2.113,0.344981414,0.038,maternal non-kin,3.8,0.1,0.7,0.6,0.921,0.845,1,0,0,0,1,0
18,8,2011,0.767,-0.061980903,0.038,maternal non-kin,3.8,0.6,0.7,0.1,0.887,0.887,1,0,0,0,1,0
26,8,2006,0.655,-0.122053048,0,maternal non-kin,0.6,0.6,0.4,0.2,NA,NA,0,0,0,0,0,0
26,8,2007,1.793,0.277150614,0,maternal non-kin,0.6,0.833,0.5,0.333,NA,NA,0,1,1,0,1,1
26,8,2008,1.244,0.128399269,0,maternal non-kin,0.6,0.833,0.667,0.166,NA,NA,0,0,0,0,0,0
26,8,2009,0.292,-0.406713933,0,maternal non-kin,0.6,0.889,0.778,0.111,0.841,0.809,0,0,0,1,0,1
26,8,2010,0.853,-0.020907099,0,maternal non-kin,0.6,0.9,0.7,0.2,0.951,0.845,0,0,0,0,0,0
26,8,2011,0.376,-0.322393047,0,maternal non-kin,0.6,0.9,0.7,0.2,0.929,0.887,1,0,0,0,1,0
27,8,2005,0.236,-0.473660723,0,maternal non-kin,10.9,0.25,0,0.25,NA,NA,0,0,0,0,0,0
27,8,2006,2.314,0.382737266,0,maternal non-kin,10.9,0,0.4,0.4,NA,NA,0,1,0,0,0,1
27,8,2007,0.606,-0.151195299,0,maternal non-kin,10.9,0.167,0.5,0.333,NA,NA,0,0,1,0,1,0
27,8,2008,1.621,0.23578087,0,maternal non-kin,10.9,0.333,0.667,0.334,NA,NA,0,1,0,0,0,1
27,8,2009,0,-1,0,maternal non-kin,10.9,0.222,0.778,0.556,0.609,0.809,0,0,0,1,0,1
27,8,2010,0.44,-0.26760624,0,maternal non-kin,10.9,0.3,0.7,0.4,0.74,0.845,0,1,0,0,0,1
27,8,2011,0.276,-0.424812155,0,maternal non-kin,10.9,0.2,0.7,0.5,0.731,0.887,0,0,0,0,0,0
28,8,2009,1.594,0.228913406,0,maternal non-kin,2.8,0.667,0.778,0.111,0.969,0.809,1,0,0,1,1,1
28,8,2010,1.845,0.288919606,0,maternal non-kin,2.8,0.8,0.7,0.1,0.882,0.845,0,0,0,0,0,0
28,8,2011,0.332,-0.364516253,0,maternal non-kin,2.8,0.8,0.7,0.1,0.94,0.887,0,0,0,0,0,0
29,8,2005,0.415,-0.288192771,0.077,maternal non-kin,1.8,1,0,1,NA,NA,1,0,0,0,1,0
29,8,2006,0.997,0.040206628,0.077,maternal non-kin,1.8,1,0.4,0.6,NA,NA,0,0,0,0,0,0
29,8,2007,2.026,0.32756326,0.077,maternal non-kin,1.8,1,0.5,0.5,NA,NA,0,1,1,0,1,1
29,8,2008,1.121,0.086715664,0.077,maternal non-kin,1.8,1,0.667,0.333,NA,NA,0,1,0,0,0,1
29,8,2009,1.076,0.070407322,0.077,maternal non-kin,1.8,1,0.778,0.222,0.879,0.809,0,0,0,1,0,1
29,8,2010,0.606,-0.151195299,0.077,maternal non-kin,1.8,1,0.7,0.3,0.956,0.845,0,0,0,0,0,0
29,8,2011,0.689,-0.102922997,0.077,maternal non-kin,1.8,1,0.7,0.3,0.976,0.887,0,1,0,0,0,1
30,8,2005,1.642,0.241048151,0,maternal non-kin,4,0.75,0,0.75,NA,NA,0,1,0,0,0,1
30,8,2006,0.537,-0.195860568,0,maternal non-kin,4,0.8,0.4,0.4,NA,NA,0,1,0,0,0,1
30,8,2007,0.637,-0.132532512,0,maternal non-kin,4,0.667,0.5,0.167,NA,NA,1,0,1,0,1,0
30,8,2008,0.857,-0.019088062,0,maternal non-kin,4,0.5,0.667,0.167,NA,NA,0,0,0,0,0,0
30,8,2009,0.492,-0.227678293,0,maternal non-kin,4,0.444,0.778,0.334,0.591,0.809,1,0,0,1,1,1
30,8,2010,0.743,-0.074172425,0,maternal non-kin,4,0.5,0.7,0.2,0.692,0.845,0,0,0,0,0,0
30,8,2011,2.778,0.45909079,0,maternal non-kin,4,0.4,0.7,0.3,0.863,0.887,0,0,0,0,0,0
32,8,2005,0.349,-0.347753659,0.061,maternal non-kin,1.3,0.5,0,0.5,NA,NA,0,0,0,0,0,0
32,8,2006,0.593,-0.159266765,0.061,maternal non-kin,1.3,0.2,0.4,0.2,NA,NA,0,1,0,0,0,1
32,8,2007,0.126,-0.645891561,0.061,maternal non-kin,1.3,0.333,0.5,0.167,NA,NA,0,1,1,0,1,1
32,8,2008,0.225,-0.488116639,0.061,maternal non-kin,1.3,0,0.667,0.667,NA,NA,0,0,0,0,0,0
32,8,2009,0.413,-0.289882635,0.061,maternal non-kin,1.3,0.111,0.778,0.667,0.619,0.809,0,0,0,1,0,1
32,8,2010,0.147,-0.607303047,0.061,maternal non-kin,1.3,0.2,0.7,0.5,0.602,0.845,0,0,0,0,0,0
32,8,2011,0.447,-0.262012674,0.061,maternal non-kin,1.3,0.1,0.7,0.6,0.875,0.887,0,0,0,0,0,0
12,9,2007,1.593,0.228656958,0.454,maternal sib,2.2,0,0.333,0.333,NA,NA,0,0,0,1,0,1
12,9,2008,2.228,0.366982976,0.454,maternal sib,2.2,0,0.333,0.333,NA,NA,0,0,0,1,0,1
12,9,2009,0.465,-0.247951552,0.454,maternal sib,2.2,0,0.3,0.3,0.894,0.824,1,0,0,1,1,1
12,9,2010,0.218,-0.49757288,0.454,maternal sib,2.2,0,0.333,0.333,0.774,0.76,0,0,0,0,0,0
12,9,2011,1.098,0.078456818,0.454,maternal sib,2.2,0,0.333,0.333,0.921,0.8,0,0,0,0,0,0
13,9,2007,1.417,0.180985581,0.076,maternal non-kin,2.7,1,0.333,0.667,NA,NA,0,0,0,1,0,1
13,9,2008,0,-1,0.076,maternal non-kin,2.7,1,0.333,0.667,NA,NA,0,0,0,1,0,1
13,9,2009,0.27,-0.431798276,0.076,maternal non-kin,2.7,1,0.3,0.7,0.959,0.824,0,0,0,1,0,1
13,9,2010,0.39,-0.30980392,0.076,maternal non-kin,2.7,1,0.333,0.667,0.939,0.76,0,0,0,0,0,0
13,9,2011,0.054,-0.812479279,0.076,maternal non-kin,2.7,1,0.333,0.667,0.969,0.8,0,0,0,0,0,0
14,9,2007,0.54,-0.193820026,0.049,maternal non-kin,6.7,0.667,0.333,0.334,NA,NA,1,0,0,1,1,1
14,9,2008,0.412,-0.290730039,0.049,maternal non-kin,6.7,0.556,0.333,0.223,NA,NA,1,0,0,1,1,1
14,9,2009,0.248,-0.458420756,0.049,maternal non-kin,6.7,0.5,0.3,0.2,0.929,0.824,0,0,0,1,0,1
14,9,2010,1.004,0.042969073,0.049,maternal non-kin,6.7,0.444,0.333,0.111,0.8,0.76,0,0,0,0,0,0
14,9,2011,3.153,0.512284063,0.049,maternal non-kin,6.7,0.556,0.333,0.223,0.917,0.8,0,0,0,0,0,0
15,9,2007,1.582,0.225825991,0.3,maternal non-kin,14.7,0.889,0.333,0.556,NA,NA,0,1,0,1,0,1
15,9,2008,0.973,0.030599722,0.3,maternal non-kin,14.7,0.889,0.333,0.556,NA,NA,0,1,0,1,0,1
15,9,2009,0,-1,0.3,maternal non-kin,14.7,0.9,0.3,0.6,0.887,0.824,0,1,0,1,0,1
16,9,2007,1.065,0.066325925,0.052,maternal non-kin,12.7,0.778,0.333,0.445,NA,NA,1,0,0,1,1,1
16,9,2008,0.814,-0.039053804,0.052,maternal non-kin,12.7,0.778,0.333,0.445,NA,NA,1,0,0,1,1,1
16,9,2009,0.758,-0.066512712,0.052,maternal non-kin,12.7,0.6,0.3,0.3,0.929,0.824,1,0,0,1,1,1
16,9,2010,0.39,-0.30980392,0.052,maternal non-kin,12.7,0.556,0.333,0.223,0.711,0.76,0,0,0,0,0,0
16,9,2011,0.202,-0.519993057,0.052,maternal non-kin,12.7,0.667,0.333,0.334,0.834,0.8,1,0,0,0,1,0
17,9,2007,0.312,-0.385102784,0,Excluded from model testing for effect of kinship categories,4.7,0.222,0.333,0.111,NA,NA,0,0,0,1,0,1
17,9,2008,0.93,0.012837225,0,Excluded from model testing for effect of kinship categories,4.7,0.222,0.333,0.111,NA,NA,0,0,0,1,0,1
17,9,2009,0.84,-0.026872146,0,Excluded from model testing for effect of kinship categories,4.7,0.2,0.3,0.1,0.818,0.824,0,0,0,1,0,1
17,9,2010,1.037,0.055760465,0,Excluded from model testing for effect of kinship categories,4.7,0.222,0.333,0.111,0.83,0.76,1,0,0,0,1,0
17,9,2011,1.31,0.149219113,0,Excluded from model testing for effect of kinship categories,4.7,0.222,0.333,0.111,0.851,0.8,0,0,0,0,0,0
20,9,2009,0.702,-0.095825632,0.513,maternal sib,3.4,0.1,0.3,0.2,0.844,0.824,1,0,0,1,1,1
20,9,2010,0.549,-0.187755303,0.513,maternal sib,3.4,0.111,0.333,0.222,0.822,0.76,1,0,0,0,1,0
20,9,2011,1.287,0.142076461,0.513,maternal sib,3.4,0.111,0.333,0.222,0.921,0.8,0,0,0,0,0,0
21,9,2007,2.774,0.458486764,0,maternal non-kin,0.2,0.556,0.333,0.223,NA,NA,0,0,0,1,0,1
21,9,2008,0.789,-0.051098239,0,maternal non-kin,0.2,0.667,0.333,0.334,NA,NA,0,0,0,1,0,1
21,9,2009,0.195,-0.530177984,0,maternal non-kin,0.2,0.7,0.3,0.4,0.915,0.824,0,0,0,1,0,1
21,9,2010,0.104,-0.690369833,0,maternal non-kin,0.2,0.778,0.333,0.445,0.889,0.76,0,0,0,0,0,0
21,9,2011,0.053,-0.815308569,0,maternal non-kin,0.2,0.778,0.333,0.445,0.95,0.8,0,1,0,0,0,1
23,9,2007,0.875,-0.010995384,0.39,maternal non-kin,1.3,0.444,0.333,0.111,NA,NA,0,0,0,1,0,1
23,9,2008,0.791,-0.050122296,0.39,maternal non-kin,1.3,0.444,0.333,0.111,NA,NA,1,0,0,1,1,1
23,9,2009,1.857,0.291590826,0.39,maternal non-kin,1.3,0.4,0.3,0.1,0.789,0.824,0,1,0,1,0,1
23,9,2010,2.217,0.364926034,0.39,maternal non-kin,1.3,0.667,0.333,0.334,0.9,0.76,0,1,0,0,0,1
23,9,2011,0.371,-0.326979093,0.39,maternal non-kin,1.3,0.444,0.333,0.111,0.911,0.8,0,0,0,0,0,0
24,9,2007,1.309,0.148910993,0.5,mother-offspring,16.7,0.111,0.333,0.222,NA,NA,1,0,0,1,1,1
24,9,2008,0.256,-0.448550002,0.5,mother-offspring,16.7,0.111,0.333,0.222,NA,NA,1,0,0,1,1,1
19,10,2010,0.521,-0.2069084,0.136,maternal non-kin,16,0,1,1,0.896,0.929,0,0,0,1,0,1
19,10,2011,0.313,-0.384049948,0.136,maternal non-kin,16,0,1,1,0.837,0.941,0,0,0,1,0,1
22,10,2009,0.864,-0.015922966,0.069,maternal non-kin,14,0,1,1,0.851,0.891,1,0,0,1,1,1
22,10,2010,0.317,-0.379863945,0.069,maternal non-kin,14,0.286,1,0.714,0.754,0.929,1,0,0,1,1,1
22,10,2011,0.112,-0.673664139,0.069,maternal non-kin,14,0.167,1,0.833,0.828,0.941,0,0,0,1,0,1
25,10,2005,1.361,0.164650216,0.186,maternal non-kin,6.9,0.75,1,0.25,NA,NA,0,1,1,0,1,1
25,10,2006,1.605,0.231724383,0.186,maternal non-kin,6.9,0.5,1,0.5,NA,NA,0,1,0,1,0,1
25,10,2007,1.666,0.246990699,0.186,maternal non-kin,6.9,0.25,1,0.75,NA,NA,1,0,0,1,1,1
25,10,2008,0.711,-0.090979146,0.186,maternal non-kin,6.9,0.25,1,0.75,NA,NA,0,0,0,1,0,1
25,10,2009,0.576,-0.170053304,0.186,maternal non-kin,6.9,0.6,1,0.4,0.75,0.891,0,0,0,1,0,1
25,10,2010,0.775,-0.057991947,0.186,maternal non-kin,6.9,0.714,1,0.286,0.812,0.929,1,0,0,1,1,1
25,10,2011,0.195,-0.530177984,0.186,maternal non-kin,6.9,0.5,1,0.5,0.83,0.941,0,0,0,1,0,1
31,10,2010,0.184,-0.54668166,0,maternal non-kin,15.6,0.143,1,0.857,0.817,0.929,0,0,0,1,0,1
18,11,2009,0.455,-0.255707017,0,maternal non-kin,1.9,0,0.556,0.556,0.729,0.81,0,0,0,0,0,0
18,11,2010,1.181,0.10754913,0,maternal non-kin,1.9,0.1,0.6,0.5,0.921,0.758,1,0,0,0,1,0
18,11,2011,0.326,-0.370590401,0,maternal non-kin,1.9,0.6,0.5,0.1,0.887,0.875,1,0,0,0,1,0
26,11,2007,0.742,-0.074687909,0.004,maternal non-kin,1.3,0.833,0,0.833,NA,NA,0,1,0,0,0,1
26,11,2008,0.926,0.011147361,0.004,maternal non-kin,1.3,0.833,0.167,0.666,NA,NA,0,0,0,0,0,0
26,11,2009,0.883,-0.007446482,0.004,maternal non-kin,1.3,0.889,0.556,0.333,0.841,0.81,0,0,0,0,0,0
26,11,2010,0.785,-0.053056729,0.004,maternal non-kin,1.3,0.9,0.6,0.3,0.951,0.758,0,0,0,0,0,0
26,11,2011,0.33,-0.366531544,0.004,maternal non-kin,1.3,0.9,0.5,0.4,0.929,0.875,1,0,0,0,1,0
27,11,2007,0.258,-0.446116973,0.061,maternal non-kin,12.9,0.167,0,0.167,NA,NA,0,0,0,0,0,0
27,11,2008,0.985,0.035429738,0.061,maternal non-kin,12.9,0.333,0.167,0.166,NA,NA,0,1,0,0,0,1
27,11,2009,0.194,-0.53165267,0.061,maternal non-kin,12.9,0.222,0.556,0.334,0.609,0.81,0,0,0,0,0,0
27,11,2010,0.822,-0.035269079,0.061,maternal non-kin,12.9,0.3,0.6,0.3,0.74,0.758,0,1,0,0,0,1
27,11,2011,0,-1,0.061,maternal non-kin,12.9,0.2,0.5,0.3,0.731,0.875,0,0,0,0,0,0
28,11,2009,1.087,0.074450719,0.132,maternal non-kin,0.8,0.667,0.556,0.111,0.969,0.81,1,0,0,0,1,0
28,11,2010,0.232,-0.478861916,0.132,maternal non-kin,0.8,0.8,0.6,0.2,0.882,0.758,0,0,0,0,0,0
28,11,2011,1.178,0.106530854,0.132,maternal non-kin,0.8,0.8,0.5,0.3,0.94,0.875,0,0,0,0,0,0
29,11,2007,2.173,0.356599436,0.164,maternal non-kin,3.7,1,0,1,NA,NA,0,1,0,0,0,1
29,11,2008,1.147,0.095866453,0.164,maternal non-kin,3.7,1,0.167,0.833,NA,NA,0,1,0,0,0,1
29,11,2009,0.398,-0.302770657,0.164,maternal non-kin,3.7,1,0.556,0.444,0.879,0.81,0,0,0,0,0,0
29,11,2010,0.973,0.030599722,0.164,maternal non-kin,3.7,1,0.6,0.4,0.956,0.758,0,0,0,0,0,0
29,11,2011,1.875,0.2955671,0.164,maternal non-kin,3.7,1,0.5,0.5,0.976,0.875,0,1,0,0,0,1
30,11,2007,0.946,0.019531685,0,maternal non-kin,6,0.667,0,0.667,NA,NA,1,0,0,0,1,0
30,11,2008,0.686,-0.104577454,0,maternal non-kin,6,0.5,0.167,0.333,NA,NA,0,0,0,0,0,0
30,11,2009,0.106,-0.68613278,0,maternal non-kin,6,0.444,0.556,0.112,0.591,0.81,1,0,0,0,1,0
30,11,2010,0.489,-0.229884705,0,maternal non-kin,6,0.5,0.6,0.1,0.692,0.758,0,0,0,0,0,0
30,11,2011,1.549,0.217220656,0,maternal non-kin,6,0.4,0.5,0.1,0.863,0.875,0,0,0,0,0,0
32,11,2007,0.868,-0.014124643,0.047,maternal non-kin,3.2,0.333,0,0.333,NA,NA,0,1,0,0,0,1
32,11,2008,0.183,-0.548213564,0.047,maternal non-kin,3.2,0,0.167,0.167,NA,NA,0,0,0,0,0,0
32,11,2009,0.106,-0.68613278,0.047,maternal non-kin,3.2,0.111,0.556,0.445,0.619,0.81,0,0,0,0,0,0
32,11,2010,0.516,-0.210419288,0.047,maternal non-kin,3.2,0.2,0.6,0.4,0.602,0.758,0,0,0,0,0,0
32,11,2011,0.651,-0.124360063,0.047,maternal non-kin,3.2,0.1,0.5,0.4,0.875,0.875,0,0,0,0,0,0
13,12,2007,0.237,-0.472370099,0.166,maternal non-kin,4.9,1,0,1,NA,NA,0,0,0,0,0,0
13,12,2008,0.441,-0.266802735,0.166,maternal non-kin,4.9,1,0,1,NA,NA,0,0,0,0,0,0
13,12,2009,0.345,-0.351639989,0.166,maternal non-kin,4.9,1,0,1,0.959,0.894,0,0,1,0,1,0
13,12,2010,0.209,-0.510041521,0.166,maternal non-kin,4.9,1,0,1,0.939,0.774,0,0,0,0,0,0
13,12,2011,0.109,-0.679853714,0.166,maternal non-kin,4.9,1,0,1,0.969,0.921,0,0,0,0,0,0
14,12,2007,0.263,-0.440093375,0.247,maternal non-kin,8.9,0.667,0,0.667,NA,NA,1,0,0,0,1,0
14,12,2008,0.457,-0.254144805,0.247,maternal non-kin,8.9,0.556,0,0.556,NA,NA,1,0,0,0,1,0
14,12,2009,0.775,-0.057991947,0.247,maternal non-kin,8.9,0.5,0,0.5,0.929,0.894,0,0,1,0,1,0
14,12,2010,0.975,0.031408464,0.247,maternal non-kin,8.9,0.444,0,0.444,0.8,0.774,0,0,0,0,0,0
14,12,2011,0.543,-0.191789027,0.247,maternal non-kin,8.9,0.556,0,0.556,0.917,0.921,0,0,0,0,0,0
15,12,2007,0.421,-0.283162277,0.351,maternal non-kin,16.9,0.889,0,0.889,NA,NA,0,1,0,0,0,1
15,12,2008,0.737,-0.077274542,0.351,maternal non-kin,16.9,0.889,0,0.889,NA,NA,0,1,0,0,0,1
15,12,2009,1.286,0.14176323,0.351,maternal non-kin,16.9,0.9,0,0.9,0.887,0.894,0,1,1,0,1,1
16,12,2007,0.039,-0.8569852,0.035,maternal non-kin,14.9,0.778,0,0.778,NA,NA,1,0,0,0,1,0
16,12,2008,0.47,-0.244125144,0.035,maternal non-kin,14.9,0.778,0,0.778,NA,NA,1,0,0,0,1,0
16,12,2009,0.27,-0.431798276,0.035,maternal non-kin,14.9,0.6,0,0.6,0.929,0.894,1,0,1,0,1,0
16,12,2010,0.107,-0.684029655,0.035,maternal non-kin,14.9,0.556,0,0.556,0.711,0.774,0,0,0,0,0,0
16,12,2011,0.256,-0.448550002,0.035,maternal non-kin,14.9,0.667,0,0.667,0.834,0.921,1,0,0,0,1,0
17,12,2007,1.173,0.104828404,0,Excluded from model testing for effect of kinship categories,6.9,0.222,0,0.222,NA,NA,0,0,0,0,0,0
17,12,2008,1.438,0.186956335,0,Excluded from model testing for effect of kinship categories,6.9,0.222,0,0.222,NA,NA,0,0,0,0,0,0
17,12,2009,0.674,-0.111259039,0,Excluded from model testing for effect of kinship categories,6.9,0.2,0,0.2,0.818,0.894,0,0,1,0,1,0
17,12,2010,1.261,0.133858125,0,Excluded from model testing for effect of kinship categories,6.9,0.222,0,0.222,0.83,0.774,1,0,0,0,1,0
17,12,2011,1.475,0.197280558,0,Excluded from model testing for effect of kinship categories,6.9,0.222,0,0.222,0.851,0.921,0,0,0,0,0,0
20,12,2009,0.075,-0.756961951,0.409,maternal sib,1.2,0.1,0,0.1,0.844,0.894,1,0,1,0,1,0
20,12,2010,0,-1,0.409,maternal sib,1.2,0.111,0,0.111,0.822,0.774,1,0,0,0,1,0
20,12,2011,0.899,-0.000434512,0.409,maternal sib,1.2,0.111,0,0.111,0.921,0.921,0,0,0,0,0,0
21,12,2007,0.226,-0.4867824,0.179,maternal non-kin,2.5,0.556,0,0.556,NA,NA,0,0,0,0,0,0
21,12,2008,0.352,-0.344861565,0.179,maternal non-kin,2.5,0.667,0,0.667,NA,NA,0,0,0,0,0,0
21,12,2009,0.675,-0.110698297,0.179,maternal non-kin,2.5,0.7,0,0.7,0.915,0.894,0,0,1,0,1,0
21,12,2010,0.413,-0.289882635,0.179,maternal non-kin,2.5,0.778,0,0.778,0.889,0.774,0,0,0,0,0,0
21,12,2011,0.053,-0.815308569,0.179,maternal non-kin,2.5,0.778,0,0.778,0.95,0.921,0,1,0,0,0,1
23,12,2007,0.885,-0.00656377,0.373,maternal non-kin,0.9,0.444,0,0.444,NA,NA,0,0,0,0,0,0
23,12,2008,0.576,-0.170053304,0.373,maternal non-kin,0.9,0.444,0,0.444,NA,NA,1,0,0,0,1,0
23,12,2009,1.026,0.051538391,0.373,maternal non-kin,0.9,0.4,0,0.4,0.789,0.894,0,1,1,0,1,1
23,12,2010,1.323,0.1532049,0.373,maternal non-kin,0.9,0.667,0,0.667,0.9,0.774,0,1,0,0,0,1
23,12,2011,0.457,-0.254144805,0.373,maternal non-kin,0.9,0.444,0,0.444,0.911,0.921,0,0,0,0,0,0
24,12,2007,2.013,0.324899497,0.507,mother-offspring,18.9,0.111,0,0.111,NA,NA,1,0,0,0,1,0
24,12,2008,1.491,0.20167018,0.507,mother-offspring,18.9,0.111,0,0.111,NA,NA,1,0,0,0,1,0
14,13,2007,0.578,-0.168770306,0,maternal non-kin,4,0.667,1,0.333,NA,NA,1,0,0,0,1,0
14,13,2008,0.792,-0.049635146,0,maternal non-kin,4,0.556,1,0.444,NA,NA,1,0,0,0,1,0
14,13,2009,0.074,-0.759450752,0,maternal non-kin,4,0.5,1,0.5,0.929,0.959,0,0,0,0,0,0
14,13,2010,0.739,-0.076238039,0,maternal non-kin,4,0.444,1,0.556,0.8,0.939,0,0,0,0,0,0
14,13,2011,1.001,0.041787319,0,maternal non-kin,4,0.556,1,0.444,0.917,0.969,0,0,0,0,0,0
15,13,2007,5.895,0.777789187,0.213,mother-offspring,12,0.889,1,0.111,NA,NA,0,1,0,0,0,1
15,13,2008,4.077,0.620864475,0.213,mother-offspring,12,0.889,1,0.111,NA,NA,0,1,0,0,0,1
15,13,2009,1.119,0.086003706,0.213,mother-offspring,12,0.9,1,0.1,0.887,0.959,0,1,0,0,0,1
16,13,2007,0.904,0.001733713,0,maternal non-kin,10,0.778,1,0.222,NA,NA,1,0,0,0,1,0
16,13,2008,1.225,0.122215878,0,maternal non-kin,10,0.778,1,0.222,NA,NA,1,0,0,0,1,0
16,13,2009,3.447,0.549861188,0,maternal non-kin,10,0.6,1,0.4,0.929,0.959,1,0,0,0,1,0
16,13,2010,0.104,-0.690369833,0,maternal non-kin,10,0.556,1,0.444,0.711,0.939,0,0,0,0,0,0
16,13,2011,1.211,0.117602692,0,maternal non-kin,10,0.667,1,0.333,0.834,0.969,1,0,0,0,1,0
17,13,2007,0.161,-0.583359493,0.175,Excluded from model testing for effect of kinship categories,2,0.222,1,0.778,NA,NA,0,0,0,0,0,0
17,13,2008,0.221,-0.493494968,0.175,Excluded from model testing for effect of kinship categories,2,0.222,1,0.778,NA,NA,0,0,0,0,0,0
17,13,2009,1.696,0.254306332,0.175,Excluded from model testing for effect of kinship categories,2,0.2,1,0.8,0.818,0.959,0,0,0,0,0,0
17,13,2010,1.319,0.151982395,0.175,Excluded from model testing for effect of kinship categories,2,0.222,1,0.778,0.83,0.939,1,0,0,0,1,0
17,13,2011,0.331,-0.36552273,0.175,Excluded from model testing for effect of kinship categories,2,0.222,1,0.778,0.851,0.969,0,0,0,0,0,0
20,13,2009,0.344,-0.35261703,0.049,maternal non-kin,6.1,0.1,1,0.9,0.844,0.959,1,0,0,0,1,0
20,13,2010,0.426,-0.279014256,0.049,maternal non-kin,6.1,0.111,1,0.889,0.822,0.939,1,0,0,0,1,0
20,13,2011,0.264,-0.438898616,0.049,maternal non-kin,6.1,0.111,1,0.889,0.921,0.969,0,0,0,0,0,0
21,13,2007,0.596,-0.15739076,0,maternal non-kin,2.5,0.556,1,0.444,NA,NA,0,0,0,0,0,0
21,13,2008,1.875,0.2955671,0,maternal non-kin,2.5,0.667,1,0.333,NA,NA,0,0,0,0,0,0
21,13,2009,1.709,0.257438567,0,maternal non-kin,2.5,0.7,1,0.3,0.915,0.959,0,0,0,0,0,0
21,13,2010,1.051,0.061075324,0,maternal non-kin,2.5,0.778,1,0.222,0.889,0.939,0,0,0,0,0,0
21,13,2011,2.714,0.449324093,0,maternal non-kin,2.5,0.778,1,0.222,0.95,0.969,0,1,0,0,0,1
23,13,2007,0.35,-0.346787486,0.195,maternal non-kin,4,0.444,1,0.556,NA,NA,0,0,0,0,0,0
23,13,2008,0.567,-0.175874166,0.195,maternal non-kin,4,0.444,1,0.556,NA,NA,1,0,0,0,1,0
23,13,2009,1.871,0.294686624,0.195,maternal non-kin,4,0.4,1,0.6,0.789,0.959,0,1,0,0,0,1
23,13,2010,0,-1,0.195,maternal non-kin,4,0.667,1,0.333,0.9,0.939,0,1,0,0,0,1
23,13,2011,1.05,0.06069784,0.195,maternal non-kin,4,0.444,1,0.556,0.911,0.969,0,0,0,0,0,0
24,13,2007,1.212,0.117933835,0.482,maternal non-kin,14,0.111,1,0.889,NA,NA,1,0,0,0,1,0
24,13,2008,0.502,-0.220403509,0.482,maternal non-kin,14,0.111,1,0.889,NA,NA,1,0,0,0,1,0
15,14,2007,0.525,-0.204119983,0,maternal non-kin,8,0.889,0.667,0.222,NA,NA,0,1,1,0,1,1
15,14,2008,0.98,0.033423755,0,maternal non-kin,8,0.889,0.556,0.333,NA,NA,0,1,1,0,1,1
15,14,2009,0,-1,0,maternal non-kin,8,0.9,0.5,0.4,0.887,0.929,0,1,0,0,0,1
16,14,2007,1.693,0.25358029,0.5,mother-offspring,6,0.778,0.667,0.111,NA,NA,1,0,1,0,1,0
16,14,2008,2.614,0.433609843,0.5,mother-offspring,6,0.778,0.556,0.222,NA,NA,1,0,1,0,1,0
16,14,2009,2.897,0.476686743,0.5,mother-offspring,6,0.6,0.5,0.1,0.929,0.929,1,0,0,0,1,0
16,14,2010,2.633,0.436639632,0.5,mother-offspring,6,0.556,0.444,0.112,0.711,0.8,0,0,0,0,0,0
16,14,2011,2.616,0.433929766,0.5,mother-offspring,6,0.667,0.556,0.111,0.834,0.917,1,0,0,0,1,0
17,14,2007,0.232,-0.478861916,0.026,Excluded from model testing for effect of kinship categories,2,0.222,0.667,0.445,NA,NA,0,0,1,0,1,0
17,14,2008,0.412,-0.290730039,0.026,Excluded from model testing for effect of kinship categories,2,0.222,0.556,0.334,NA,NA,0,0,1,0,1,0
17,14,2009,0.736,-0.077793723,0.026,Excluded from model testing for effect of kinship categories,2,0.2,0.5,0.3,0.818,0.929,0,0,0,0,0,0
17,14,2010,3.482,0.554125582,0.026,Excluded from model testing for effect of kinship categories,2,0.222,0.444,0.222,0.83,0.8,1,0,0,0,1,0
17,14,2011,2.164,0.354876423,0.026,Excluded from model testing for effect of kinship categories,2,0.222,0.556,0.334,0.851,0.917,0,0,0,0,0,0
20,14,2009,1.382,0.170848204,0,maternal non-kin,10.1,0.1,0.5,0.4,0.844,0.929,1,0,0,0,1,0
20,14,2010,0.326,-0.370590401,0,maternal non-kin,10.1,0.111,0.444,0.333,0.822,0.8,1,0,0,0,1,0
20,14,2011,0.11,-0.677780705,0,maternal non-kin,10.1,0.111,0.556,0.445,0.921,0.917,0,0,0,0,0,0
21,14,2007,1.511,0.20709554,0.27,maternal sib,6.5,0.556,0.667,0.111,NA,NA,0,0,1,0,1,0
21,14,2008,1.642,0.241048151,0.27,maternal sib,6.5,0.667,0.556,0.111,NA,NA,0,0,1,0,1,0
21,14,2009,1.504,0.205204364,0.27,maternal sib,6.5,0.7,0.5,0.2,0.915,0.929,0,0,0,0,0,0
21,14,2010,1.749,0.266936911,0.27,maternal sib,6.5,0.778,0.444,0.334,0.889,0.8,0,0,0,0,0,0
21,14,2011,2.206,0.362859303,0.27,maternal sib,6.5,0.778,0.556,0.222,0.95,0.917,0,1,0,0,0,1
23,14,2007,0.231,-0.480172006,0.204,maternal non-kin,8,0.444,0.667,0.223,NA,NA,0,0,1,0,1,0
23,14,2008,1.141,0.093771781,0.204,maternal non-kin,8,0.444,0.556,0.112,NA,NA,1,0,1,0,1,0
23,14,2009,0.618,-0.143875556,0.204,maternal non-kin,8,0.4,0.5,0.1,0.789,0.929,0,1,0,0,0,1
23,14,2010,0.764,-0.063486258,0.204,maternal non-kin,8,0.667,0.444,0.223,0.9,0.8,0,1,0,0,0,1
23,14,2011,0.368,-0.329754147,0.204,maternal non-kin,8,0.444,0.556,0.112,0.911,0.917,0,0,0,0,0,0
24,14,2007,1.304,0.147367108,0.018,maternal non-kin,10,0.111,0.667,0.556,NA,NA,1,0,1,0,1,0
24,14,2008,0.403,-0.298432015,0.018,maternal non-kin,10,0.111,0.556,0.445,NA,NA,1,0,1,0,1,0
16,15,2007,1.691,0.253095586,0.443,Excluded from model testing for effect of kinship categories,2,0.778,0.889,0.111,NA,NA,1,0,0,1,1,1
16,15,2008,1.688,0.252367514,0.443,Excluded from model testing for effect of kinship categories,2,0.778,0.889,0.111,NA,NA,1,0,0,1,1,1
17,15,2007,2.065,0.335457901,0,Excluded from model testing for effect of kinship categories,10,0.222,0.889,0.667,NA,NA,0,0,0,1,0,1
17,15,2008,0.187,-0.542118103,0,Excluded from model testing for effect of kinship categories,10,0.222,0.889,0.667,NA,NA,0,0,0,1,0,1
20,15,2009,0.787,-0.05207638,0.5,maternal non-kin,18.1,0.1,0.9,0.8,0.844,0.887,1,0,0,1,1,1
21,15,2007,1.566,0.221674997,0.212,maternal non-kin,14.5,0.556,0.889,0.333,NA,NA,0,0,0,1,0,1
21,15,2008,2.41,0.399673721,0.212,maternal non-kin,14.5,0.667,0.889,0.222,NA,NA,0,0,0,1,0,1
21,15,2009,2.012,0.324693914,0.212,maternal non-kin,14.5,0.7,0.9,0.2,0.915,0.887,0,0,0,1,0,1
23,15,2007,0.301,-0.396855627,0,Excluded from model testing for effect of kinship categories,16,0.444,0.889,0.445,NA,NA,0,0,0,1,0,1
23,15,2008,1.128,0.089198367,0,Excluded from model testing for effect of kinship categories,16,0.444,0.889,0.445,NA,NA,1,0,0,1,1,1
23,15,2009,0.61,-0.148741651,0,Excluded from model testing for effect of kinship categories,16,0.4,0.9,0.5,0.789,0.887,0,1,0,1,0,1
24,15,2007,0.228,-0.484126156,0.648,Excluded from model testing for effect of kinship categories,2,0.111,0.889,0.778,NA,NA,1,0,0,1,1,1
24,15,2008,0.391,-0.308918508,0.648,Excluded from model testing for effect of kinship categories,2,0.111,0.889,0.778,NA,NA,1,0,0,1,1,1
17,16,2007,0.317,-0.379863945,0,Excluded from model testing for effect of kinship categories,8,0.222,0.778,0.556,NA,NA,0,0,1,0,1,0
17,16,2008,0.455,-0.255707017,0,Excluded from model testing for effect of kinship categories,8,0.222,0.778,0.556,NA,NA,0,0,1,0,1,0
17,16,2009,0,-1,0,Excluded from model testing for effect of kinship categories,8,0.2,0.6,0.4,0.818,0.929,0,0,1,0,1,0
17,16,2010,0,-1,0,Excluded from model testing for effect of kinship categories,8,0.222,0.556,0.334,0.83,0.711,1,0,0,0,1,0
17,16,2011,0.209,-0.510041521,0,Excluded from model testing for effect of kinship categories,8,0.222,0.667,0.445,0.851,0.834,0,0,1,0,1,0
20,16,2009,0.375,-0.32330639,0.094,maternal non-kin,16.1,0.1,0.6,0.5,0.844,0.929,1,0,1,0,1,0
20,16,2010,0.708,-0.092588639,0.094,maternal non-kin,16.1,0.111,0.556,0.445,0.822,0.711,1,0,0,0,1,0
20,16,2011,0.707,-0.093126465,0.094,maternal non-kin,16.1,0.111,0.667,0.556,0.921,0.834,0,0,1,0,1,0
21,16,2007,0.751,-0.07007044,0.531,mother-offspring,12.5,0.556,0.778,0.222,NA,NA,0,0,1,0,1,0
21,16,2008,2.342,0.38774566,0.531,mother-offspring,12.5,0.667,0.778,0.111,NA,NA,0,0,1,0,1,0
21,16,2009,1.775,0.273001272,0.531,mother-offspring,12.5,0.7,0.6,0.1,0.915,0.929,0,0,1,0,1,0
21,16,2010,0.111,-0.675717545,0.531,mother-offspring,12.5,0.778,0.556,0.222,0.889,0.711,0,0,0,0,0,0
21,16,2011,1.778,0.273695588,0.531,mother-offspring,12.5,0.778,0.667,0.111,0.95,0.834,0,1,1,0,1,1
23,16,2007,0.721,-0.085656843,0.096,Excluded from model testing for effect of kinship categories,14.1,0.444,0.778,0.334,NA,NA,0,0,1,0,1,0
23,16,2008,1.544,0.215901813,0.096,Excluded from model testing for effect of kinship categories,14.1,0.444,0.778,0.334,NA,NA,1,0,1,0,1,0
23,16,2009,1.475,0.197280558,0.096,Excluded from model testing for effect of kinship categories,14.1,0.4,0.6,0.2,0.789,0.929,0,1,1,0,1,1
23,16,2010,0.218,-0.49757288,0.096,Excluded from model testing for effect of kinship categories,14.1,0.667,0.556,0.111,0.9,0.711,0,1,0,0,0,1
23,16,2011,0.277,-0.42365865,0.096,Excluded from model testing for effect of kinship categories,14.1,0.444,0.667,0.223,0.911,0.834,0,0,1,0,1,0
24,16,2007,0.565,-0.177178355,0.335,Excluded from model testing for effect of kinship categories,4,0.111,0.778,0.667,NA,NA,1,0,1,0,1,0
24,16,2008,0.513,-0.212539525,0.335,Excluded from model testing for effect of kinship categories,4,0.111,0.778,0.667,NA,NA,1,0,1,0,1,0
20,17,2009,0.674,-0.111259039,0,Excluded from model testing for effect of kinship categories,8.1,0.1,0.2,0.1,0.844,0.818,1,0,0,0,1,0
20,17,2010,0.443,-0.26520017,0,Excluded from model testing for effect of kinship categories,8.1,0.111,0.222,0.111,0.822,0.83,1,0,1,0,1,0
20,17,2011,0.556,-0.183096161,0,Excluded from model testing for effect of kinship categories,8.1,0.111,0.222,0.111,0.921,0.851,0,0,0,0,0,0
21,17,2007,0.084,-0.735182177,0,Excluded from model testing for effect of kinship categories,4.5,0.556,0.222,0.334,NA,NA,0,0,0,0,0,0
21,17,2008,0.664,-0.116906641,0,Excluded from model testing for effect of kinship categories,4.5,0.667,0.222,0.445,NA,NA,0,0,0,0,0,0
21,17,2009,0.339,-0.35753548,0,Excluded from model testing for effect of kinship categories,4.5,0.7,0.2,0.5,0.915,0.818,0,0,0,0,0,0
21,17,2010,1.951,0.31196566,0,Excluded from model testing for effect of kinship categories,4.5,0.778,0.222,0.556,0.889,0.83,0,0,1,0,1,0
21,17,2011,0.68,-0.107905397,0,Excluded from model testing for effect of kinship categories,4.5,0.778,0.222,0.556,0.95,0.851,0,1,0,0,0,1
23,17,2007,1.947,0.311117843,0.5,mother-offspring,6.1,0.444,0.222,0.222,NA,NA,0,0,0,0,0,0
23,17,2008,2.036,0.329601248,0.5,mother-offspring,6.1,0.444,0.222,0.222,NA,NA,1,0,0,0,1,0
23,17,2009,5.098,0.715836275,0.5,mother-offspring,6.1,0.4,0.2,0.2,0.789,0.818,0,1,0,0,0,1
23,17,2010,2.748,0.454539985,0.5,mother-offspring,6.1,0.667,0.222,0.445,0.9,0.83,0,1,1,0,1,1
23,17,2011,1.36,0.164352856,0.5,mother-offspring,6.1,0.444,0.222,0.222,0.911,0.851,0,0,0,0,0,0
24,17,2007,0.904,0.001733713,0.026,Excluded from model testing for effect of kinship categories,12,0.111,0.222,0.111,NA,NA,1,0,0,0,1,0
24,17,2008,0.389,-0.310691141,0.026,Excluded from model testing for effect of kinship categories,12,0.111,0.222,0.111,NA,NA,1,0,0,0,1,0
26,18,2009,0.651,-0.124360063,0.128,paternal sib,3.2,0.889,0,0.889,0.841,0.729,0,0,0,0,0,0
26,18,2010,2.211,0.363799945,0.128,paternal sib,3.2,0.9,0.1,0.8,0.951,0.921,0,0,1,0,1,0
26,18,2011,1.624,0.236537261,0.128,paternal sib,3.2,0.9,0.6,0.3,0.929,0.887,1,0,1,0,1,0
27,18,2009,0.39,-0.30980392,0.5,mother-offspring,14.8,0.222,0,0.222,0.609,0.729,0,0,0,0,0,0
27,18,2010,1.528,0.211654401,0.5,mother-offspring,14.8,0.3,0.1,0.2,0.74,0.921,0,1,1,0,1,1
27,18,2011,1.521,0.209783015,0.5,mother-offspring,14.8,0.2,0.6,0.4,0.731,0.887,0,0,1,0,1,0
28,18,2009,0.103,-0.692503962,0.131,paternal sib,1,0.667,0,0.667,0.969,0.729,1,0,0,0,1,0
28,18,2010,2.267,0.374198258,0.131,paternal sib,1,0.8,0.1,0.7,0.882,0.921,0,0,1,0,1,0
28,18,2011,1.092,0.076276255,0.131,paternal sib,1,0.8,0.6,0.2,0.94,0.887,0,0,1,0,1,0
29,18,2009,0,-1,0.274,paternal sib,5.6,1,0,1,0.879,0.729,0,0,0,0,0,0
29,18,2010,2.687,0.445136969,0.274,paternal sib,5.6,1,0.1,0.9,0.956,0.921,0,0,1,0,1,0
29,18,2011,0.9,0,0.274,paternal sib,5.6,1,0.6,0.4,0.976,0.887,0,1,1,0,1,1
30,18,2009,0.437,-0.270025714,0.487,full sib,7.8,0.444,0,0.444,0.591,0.729,1,0,0,0,1,0
30,18,2010,1.344,0.159567193,0.487,full sib,7.8,0.5,0.1,0.4,0.692,0.921,0,0,1,0,1,0
30,18,2011,1.649,0.242789809,0.487,full sib,7.8,0.4,0.6,0.2,0.863,0.887,0,0,1,0,1,0
32,18,2009,0.332,-0.364516253,0.274,full sib,5.1,0.111,0,0.111,0.619,0.729,0,0,0,0,0,0
32,18,2010,2.76,0.456366033,0.274,full sib,5.1,0.2,0.1,0.1,0.602,0.921,0,0,1,0,1,0
32,18,2011,0.164,-0.578396073,0.274,full sib,5.1,0.1,0.6,0.5,0.875,0.887,0,0,1,0,1,0
22,19,2010,0.677,-0.109578981,0.37,maternal non-kin,2,0.286,0,0.286,0.754,0.896,1,0,0,0,1,0
22,19,2011,0.198,-0.525783736,0.37,maternal non-kin,2,0.167,0,0.167,0.828,0.837,0,0,0,0,0,0
25,19,2010,1.298,0.145507171,0.5,mother-offspring,9.1,0.714,0,0.714,0.812,0.896,1,0,0,0,1,0
25,19,2011,1.738,0.264345507,0.5,mother-offspring,9.1,0.5,0,0.5,0.83,0.837,0,0,0,0,0,0
31,19,2010,1.29,0.1430148,0.391,paternal sib,0.4,0.143,0,0.143,0.817,0.896,0,0,0,0,0,0
21,20,2009,0.42,-0.283996656,0.31,maternal non-kin,3.6,0.7,0.1,0.6,0.915,0.844,0,0,1,0,1,0
21,20,2010,0,-1,0.31,maternal non-kin,3.6,0.778,0.111,0.667,0.889,0.822,0,0,1,0,1,0
21,20,2011,0.338,-0.358525889,0.31,maternal non-kin,3.6,0.778,0.111,0.667,0.95,0.921,0,1,0,0,0,1
23,20,2009,0.836,-0.028724151,0.078,maternal non-kin,2.1,0.4,0.1,0.3,0.789,0.844,0,1,1,0,1,1
23,20,2010,0.851,-0.021819483,0.078,maternal non-kin,2.1,0.667,0.111,0.556,0.9,0.822,0,1,1,0,1,1
23,20,2011,0.883,-0.007446482,0.078,maternal non-kin,2.1,0.444,0.111,0.333,0.911,0.921,0,0,0,0,0,0
23,21,2007,0.386,-0.313363731,0.02,paternal sib,1.6,0.444,0.556,0.112,NA,NA,0,0,0,0,0,0
23,21,2008,1.054,0.062205809,0.02,paternal sib,1.6,0.444,0.667,0.223,NA,NA,1,0,0,0,1,0
23,21,2009,1.605,0.231724383,0.02,paternal sib,1.6,0.4,0.7,0.3,0.789,0.915,0,1,0,0,0,1
23,21,2010,0.64,-0.13076828,0.02,paternal sib,1.6,0.667,0.778,0.111,0.9,0.889,0,1,0,0,0,1
23,21,2011,0.476,-0.239577517,0.02,paternal sib,1.6,0.444,0.778,0.334,0.911,0.95,0,0,0,1,0,1
24,21,2007,1.246,0.12904506,0.029,maternal non-kin,16.5,0.111,0.556,0.445,NA,NA,1,0,0,0,1,0
24,21,2008,0.384,-0.315154638,0.029,maternal non-kin,16.5,0.111,0.667,0.556,NA,NA,1,0,0,0,1,0
25,22,2009,0.916,0.006893708,0.273,maternal sib,7.1,0.6,0,0.6,0.75,0.851,0,0,1,0,1,0
25,22,2010,0.148,-0.605548319,0.273,maternal sib,7.1,0.714,0.286,0.428,0.812,0.754,1,0,1,0,1,0
25,22,2011,0.266,-0.436518915,0.273,maternal sib,7.1,0.5,0.167,0.333,0.83,0.828,0,0,0,0,0,0
31,22,2010,0.481,-0.235823868,0.5,maternal sib,1.5,0.143,0.286,0.143,0.817,0.754,0,0,1,0,1,0
24,23,2007,0.316,-0.380906669,0,Excluded from model testing for effect of kinship categories,18.1,0.111,0.444,0.333,NA,NA,1,0,0,0,1,0
24,23,2008,0.209,-0.510041521,0,Excluded from model testing for effect of kinship categories,18.1,0.111,0.444,0.333,NA,NA,1,0,1,0,1,0
31,25,2010,0.033,-0.876148359,0.242,maternal sib,8.7,0.143,0.714,0.571,0.817,0.812,0,0,1,0,1,0
27,26,2006,1.604,0.23146959,0.075,maternal non-kin,11.6,0,0.6,0.6,NA,NA,0,1,0,0,0,1
27,26,2007,0.041,-0.850780887,0.075,maternal non-kin,11.6,0.167,0.833,0.666,NA,NA,0,0,0,1,0,1
27,26,2008,0.97,0.029383778,0.075,maternal non-kin,11.6,0.333,0.833,0.5,NA,NA,0,1,0,0,0,1
27,26,2009,0.284,-0.415668776,0.075,maternal non-kin,11.6,0.222,0.889,0.667,0.609,0.841,0,0,0,0,0,0
27,26,2010,0.3,-0.397940009,0.075,maternal non-kin,11.6,0.3,0.9,0.6,0.74,0.951,0,1,0,0,0,1
27,26,2011,0.209,-0.510041521,0.075,maternal non-kin,11.6,0.2,0.9,0.7,0.731,0.929,0,0,1,0,1,0
28,26,2009,3.068,0.500785173,0.497,paternal sib,2.2,0.667,0.889,0.222,0.969,0.841,1,0,0,0,1,0
28,26,2010,1.406,0.177824972,0.497,paternal sib,2.2,0.8,0.9,0.1,0.882,0.951,0,0,0,0,0,0
28,26,2011,1.716,0.259115844,0.497,paternal sib,2.2,0.8,0.9,0.1,0.94,0.929,0,0,1,0,1,0
29,26,2006,0.909,0.003891166,0.572,full sib,2.4,1,0.6,0.4,NA,NA,0,0,0,0,0,0
29,26,2007,1.628,0.237543738,0.572,full sib,2.4,1,0.833,0.167,NA,NA,0,1,0,1,0,1
29,26,2008,2.02,0.326335861,0.572,full sib,2.4,1,0.833,0.167,NA,NA,0,1,0,0,0,1
29,26,2009,2.362,0.391288049,0.572,full sib,2.4,1,0.889,0.111,0.879,0.841,0,0,0,0,0,0
29,26,2010,2.617,0.434089638,0.572,full sib,2.4,1,0.9,0.1,0.956,0.951,0,0,0,0,0,0
29,26,2011,5.32,0.733999287,0.572,full sib,2.4,1,0.9,0.1,0.976,0.929,0,1,1,0,1,1
30,26,2006,0.771,-0.059981845,0,paternal sib,4.6,0.8,0.6,0.2,NA,NA,0,1,0,0,0,1
30,26,2007,1.597,0.229681842,0,paternal sib,4.6,0.667,0.833,0.166,NA,NA,1,0,0,1,1,1
30,26,2008,0.733,-0.079354999,0,paternal sib,4.6,0.5,0.833,0.333,NA,NA,0,0,0,0,0,0
30,26,2009,0.255,-0.449771647,0,paternal sib,4.6,0.444,0.889,0.445,0.591,0.841,1,0,0,0,1,0
30,26,2010,0.279,-0.42136079,0,paternal sib,4.6,0.5,0.9,0.4,0.692,0.951,0,0,0,0,0,0
30,26,2011,0,-1,0,paternal sib,4.6,0.4,0.9,0.5,0.863,0.929,0,0,1,0,1,0
32,26,2006,0.956,0.023663918,0.331,paternal sib,1.9,0.2,0.6,0.4,NA,NA,0,1,0,0,0,1
32,26,2007,0.121,-0.655607726,0.331,paternal sib,1.9,0.333,0.833,0.5,NA,NA,0,1,0,1,0,1
32,26,2008,0.544,-0.191114133,0.331,paternal sib,1.9,0,0.833,0.833,NA,NA,0,0,0,0,0,0
32,26,2009,0,-1,0.331,paternal sib,1.9,0.111,0.889,0.778,0.619,0.841,0,0,0,0,0,0
32,26,2010,0,-1,0.331,paternal sib,1.9,0.2,0.9,0.7,0.602,0.951,0,0,0,0,0,0
32,26,2011,0.061,-0.793174124,0.331,paternal sib,1.9,0.1,0.9,0.8,0.875,0.929,0,0,1,0,1,0
28,27,2009,0,-1,0.083,maternal non-kin,13.7,0.667,0.222,0.445,0.969,0.609,1,0,0,0,1,0
28,27,2010,0.224,-0.48945499,0.083,maternal non-kin,13.7,0.8,0.3,0.5,0.882,0.74,0,0,0,1,0,1
28,27,2011,0.461,-0.251037139,0.083,maternal non-kin,13.7,0.8,0.2,0.6,0.94,0.731,0,0,0,0,0,0
29,27,2005,0.123,-0.651695137,0.113,maternal non-kin,9.2,1,0.25,0.75,NA,NA,1,0,0,0,1,0
29,27,2006,1.093,0.076640444,0.113,maternal non-kin,9.2,1,0,1,NA,NA,0,0,0,1,0,1
29,27,2007,0.261,-0.442492798,0.113,maternal non-kin,9.2,1,0.167,0.833,NA,NA,0,1,0,0,0,1
29,27,2008,1.576,0.224274014,0.113,maternal non-kin,9.2,1,0.333,0.667,NA,NA,0,1,0,1,0,1
29,27,2009,0.097,-0.705533774,0.113,maternal non-kin,9.2,1,0.222,0.778,0.879,0.609,0,0,0,0,0,0
29,27,2010,0,-1,0.113,maternal non-kin,9.2,1,0.3,0.7,0.956,0.74,0,0,0,1,0,1
29,27,2011,0.109,-0.679853714,0.113,maternal non-kin,9.2,1,0.2,0.8,0.976,0.731,0,1,0,0,0,1
30,27,2005,1.474,0.197004728,0.567,mother-offspring,6.9,0.75,0.25,0.5,NA,NA,0,1,0,0,0,1
30,27,2006,1.591,0.228143608,0.567,mother-offspring,6.9,0.8,0,0.8,NA,NA,0,1,0,1,0,1
30,27,2007,1.371,0.167612673,0.567,mother-offspring,6.9,0.667,0.167,0.5,NA,NA,1,0,0,0,1,0
30,27,2008,1.127,0.088844563,0.567,mother-offspring,6.9,0.5,0.333,0.167,NA,NA,0,0,0,1,0,1
30,27,2009,1.815,0.282168778,0.567,mother-offspring,6.9,0.444,0.222,0.222,0.591,0.609,1,0,0,0,1,0
30,27,2010,3.068,0.500785173,0.567,mother-offspring,6.9,0.5,0.3,0.2,0.692,0.74,0,0,0,1,0,1
30,27,2011,2.209,0.363423933,0.567,mother-offspring,6.9,0.4,0.2,0.2,0.863,0.731,0,0,0,0,0,0
32,27,2005,0.92,0.008600172,0.5,mother-offspring,9.6,0.5,0.25,0.25,NA,NA,0,0,0,0,0,0
32,27,2006,0.921,0.009025742,0.5,mother-offspring,9.6,0.2,0,0.2,NA,NA,0,1,0,1,0,1
32,27,2007,0.704,-0.094743951,0.5,mother-offspring,9.6,0.333,0.167,0.166,NA,NA,0,1,0,0,0,1
32,27,2008,1.512,0.207365037,0.5,mother-offspring,9.6,0,0.333,0.333,NA,NA,0,0,0,1,0,1
32,27,2009,0.887,-0.005682847,0.5,mother-offspring,9.6,0.111,0.222,0.111,0.619,0.609,0,0,0,0,0,0
32,27,2010,0.102,-0.694648631,0.5,mother-offspring,9.6,0.2,0.3,0.1,0.602,0.74,0,0,0,1,0,1
32,27,2011,0.578,-0.168770306,0.5,mother-offspring,9.6,0.1,0.2,0.1,0.875,0.731,0,0,0,0,0,0
29,28,2009,2.469,0.409764104,0.457,paternal sib,4.6,1,0.667,0.333,0.879,0.969,0,0,1,0,1,0
29,28,2010,2.779,0.459241665,0.457,paternal sib,4.6,1,0.8,0.2,0.956,0.882,0,0,0,0,0,0
29,28,2011,4.34,0.64738297,0.457,paternal sib,4.6,1,0.8,0.2,0.976,0.94,0,1,0,0,0,1
30,28,2009,0.81,-0.040958608,0.123,paternal sib,6.8,0.444,0.667,0.223,0.591,0.969,1,0,1,0,1,0
30,28,2010,0.473,-0.241845378,0.123,paternal sib,6.8,0.5,0.8,0.3,0.692,0.882,0,0,0,0,0,0
30,28,2011,0.058,-0.801342913,0.123,paternal sib,6.8,0.4,0.8,0.4,0.863,0.94,0,0,0,0,0,0
32,28,2009,0.207,-0.512861625,0.342,paternal sib,4.1,0.111,0.667,0.556,0.619,0.969,0,0,1,0,1,0
32,28,2010,0.518,-0.209011525,0.342,paternal sib,4.1,0.2,0.8,0.6,0.602,0.882,0,0,0,0,0,0
32,28,2011,0.122,-0.653647026,0.342,paternal sib,4.1,0.1,0.8,0.7,0.875,0.94,0,0,0,0,0,0
30,29,2005,3.109,0.506369717,0.102,paternal sib,2.2,0.75,1,0.25,NA,NA,0,1,1,0,1,1
30,29,2006,1.125,0.088136089,0.102,paternal sib,2.2,0.8,1,0.2,NA,NA,0,1,0,0,0,1
30,29,2007,1.068,0.067442843,0.102,paternal sib,2.2,0.667,1,0.333,NA,NA,1,0,0,1,1,1
30,29,2008,1.303,0.147057671,0.102,paternal sib,2.2,0.5,1,0.5,NA,NA,0,0,0,1,0,1
30,29,2009,1.407,0.178113252,0.102,paternal sib,2.2,0.444,1,0.556,0.591,0.879,1,0,0,0,1,0
30,29,2010,0.39,-0.30980392,0.102,paternal sib,2.2,0.5,1,0.5,0.692,0.956,0,0,0,0,0,0
30,29,2011,0.597,-0.156767222,0.102,paternal sib,2.2,0.4,1,0.6,0.863,0.976,0,0,0,1,0,1
32,29,2005,0.237,-0.472370099,0.173,paternal sib,0.5,0.5,1,0.5,NA,NA,0,0,1,0,1,0
32,29,2006,0.479,-0.237321436,0.173,paternal sib,0.5,0.2,1,0.8,NA,NA,0,1,0,0,0,1
32,29,2007,0.085,-0.732828272,0.173,paternal sib,0.5,0.333,1,0.667,NA,NA,0,1,0,1,0,1
32,29,2008,0.226,-0.4867824,0.173,paternal sib,0.5,0,1,1,NA,NA,0,0,0,1,0,1
32,29,2009,0.107,-0.684029655,0.173,paternal sib,0.5,0.111,1,0.889,0.619,0.879,0,0,0,0,0,0
32,29,2010,0.37,-0.327902142,0.173,paternal sib,0.5,0.2,1,0.8,0.602,0.956,0,0,0,0,0,0
32,29,2011,0.338,-0.358525889,0.173,paternal sib,0.5,0.1,1,0.9,0.875,0.976,0,0,0,1,0,1
32,30,2005,1.493,0.202215776,0.565,full sib,2.7,0.5,0.75,0.25,NA,NA,0,0,0,1,0,1
32,30,2006,0.454,-0.256490235,0.565,full sib,2.7,0.2,0.8,0.6,NA,NA,0,1,0,1,0,1
32,30,2007,0.879,-0.009217308,0.565,full sib,2.7,0.333,0.667,0.334,NA,NA,0,1,1,0,1,1
32,30,2008,0.522,-0.206209615,0.565,full sib,2.7,0,0.5,0.5,NA,NA,0,0,0,0,0,0
32,30,2009,1.098,0.078456818,0.565,full sib,2.7,0.111,0.444,0.333,0.619,0.591,0,0,1,0,1,0
32,30,2010,1.306,0.147985321,0.565,full sib,2.7,0.2,0.5,0.3,0.602,0.692,0,0,0,0,0,0
32,30,2011,0.535,-0.197226275,0.565,full sib,2.7,0.1,0.4,0.3,0.875,0.863,0,0,0,0,0,0
