Group_ID,Dyad_ID,IndividualA_ID,IndividualB_ID,Year,DSI,RValue_Dyad,KinshipCategory_Dyad,AgeDifference_years_Dyad,DominanceRank_IndividualA,DominanceRank_IndB,Centrality_IndividualA,Centrality_IndividualB,PresenceMaleInfant_IndividualA,PresenceFemaleInfant_IndividualA,PresenceMaleInfant_IndividualB,PresenceFemaleInfant_IndividualB
1,1,2,1,2010,1.244,0.062,maternal sib,2.000,0.400,0.000,0.742,0.705,0,1,0,0
1,1,2,1,2011,2.602,0.062,maternal sib,2.000,0.300,0.000,0.838,0.866,0,0,0,0
1,2,8,1,2010,1.387,0.000,maternal non-kin,4.900,0.700,0.000,0.845,0.705,0,0,0,0
1,2,8,1,2011,1.531,0.000,maternal non-kin,4.900,0.700,0.000,0.887,0.866,0,0,0,0
1,3,11,1,2010,1.336,0.000,maternal non-kin,3.000,0.600,0.000,0.758,0.705,0,0,0,0
1,3,11,1,2011,1.298,0.000,maternal non-kin,3.000,0.500,0.000,0.875,0.866,0,0,0,0
1,4,18,1,2010,0.213,0.221,maternal non-kin,1.100,0.100,0.000,0.921,0.705,1,0,0,0
1,4,18,1,2011,0.355,0.221,maternal non-kin,1.100,0.600,0.000,0.887,0.866,1,0,0,0
1,5,26,1,2010,1.050,0.070,maternal non-kin,4.300,0.900,0.000,0.951,0.705,0,0,0,0
1,5,26,1,2011,0.325,0.070,maternal non-kin,4.300,0.900,0.000,0.929,0.866,1,0,0,0
1,6,27,1,2010,1.034,0.031,Excluded from model testing for effect of kinship categories,15.900,0.300,0.000,0.740,0.705,0,1,0,0
1,6,27,1,2011,1.592,0.031,Excluded from model testing for effect of kinship categories,15.900,0.200,0.000,0.731,0.866,0,0,0,0
1,7,28,1,2010,0.381,0.000,maternal non-kin,2.100,0.800,0.000,0.882,0.705,0,0,0,0
1,7,28,1,2011,0.466,0.000,maternal non-kin,2.100,0.800,0.000,0.940,0.866,0,0,0,0
1,8,29,1,2010,0.000,0.022,maternal non-kin,6.700,1.000,0.000,0.956,0.705,0,0,0,0
1,8,29,1,2011,0.299,0.022,maternal non-kin,6.700,1.000,0.000,0.976,0.866,0,1,0,0
1,9,30,1,2010,2.897,0.519,mother-offspring,8.900,0.500,0.000,0.692,0.705,0,0,0,0
1,9,30,1,2011,1.051,0.519,mother-offspring,8.900,0.400,0.000,0.863,0.866,0,0,0,0
1,10,32,1,2010,2.290,0.172,maternal non-kin,6.200,0.200,0.000,0.602,0.705,0,0,0,0
1,10,32,1,2011,0.571,0.172,maternal non-kin,6.200,0.100,0.000,0.875,0.866,0,0,0,0
1,11,8,2,2009,3.328,0.406,paternal sib,3.000,0.778,0.333,0.809,0.766,0,1,0,1
1,11,8,2,2010,0.307,0.406,paternal sib,3.000,0.700,0.400,0.845,0.742,0,0,0,1
1,11,8,2,2011,1.372,0.406,paternal sib,3.000,0.700,0.300,0.887,0.838,0,0,0,0
1,12,11,2,2009,4.510,0.123,paternal sib,1.000,0.556,0.333,0.810,0.766,0,0,0,1
1,12,11,2,2010,0.377,0.123,paternal sib,1.000,0.600,0.400,0.758,0.742,0,0,0,1
1,12,11,2,2011,0.502,0.123,paternal sib,1.000,0.500,0.300,0.875,0.838,0,0,0,0
1,13,18,2,2009,1.792,0.000,maternal non-kin,0.900,0.000,0.333,0.729,0.766,0,0,0,1
1,13,18,2,2010,1.114,0.000,maternal non-kin,0.900,0.100,0.400,0.921,0.742,1,0,0,1
1,13,18,2,2011,0.797,0.000,maternal non-kin,0.900,0.600,0.300,0.887,0.838,1,0,0,0
1,14,26,2,2009,3.389,0.000,maternal non-kin,2.300,0.889,0.333,0.841,0.766,0,0,0,1
1,14,26,2,2010,0.681,0.000,maternal non-kin,2.300,0.900,0.400,0.951,0.742,0,0,0,1
1,14,26,2,2011,0.260,0.000,maternal non-kin,2.300,0.900,0.300,0.929,0.838,1,0,0,0
1,15,27,2,2009,0.103,0.350,Excluded from model testing for effect of kinship categories,13.900,0.222,0.333,0.609,0.766,0,0,0,1
1,15,27,2,2010,0.620,0.350,Excluded from model testing for effect of kinship categories,13.900,0.300,0.400,0.740,0.742,0,1,0,1
1,15,27,2,2011,0.241,0.350,Excluded from model testing for effect of kinship categories,13.900,0.200,0.300,0.731,0.838,0,0,0,0
1,16,28,2,2009,3.626,0.000,maternal non-kin,0.200,0.667,0.333,0.969,0.766,1,0,0,1
1,16,28,2,2010,0.320,0.000,maternal non-kin,0.200,0.800,0.400,0.882,0.742,0,0,0,1
1,16,28,2,2011,0.379,0.000,maternal non-kin,0.200,0.800,0.300,0.940,0.838,0,0,0,0
1,17,29,2,2009,1.694,0.000,maternal non-kin,4.700,1.000,0.333,0.879,0.766,0,0,0,1
1,17,29,2,2010,0.075,0.000,maternal non-kin,4.700,1.000,0.400,0.956,0.742,0,0,0,1
1,17,29,2,2011,0.116,0.000,maternal non-kin,4.700,1.000,0.300,0.976,0.838,0,1,0,0
1,18,30,2,2009,0.716,0.500,mother-offspring,7.000,0.444,0.333,0.591,0.766,1,0,0,1
1,18,30,2,2010,0.553,0.500,mother-offspring,7.000,0.500,0.400,0.692,0.742,0,0,0,1
1,18,30,2,2011,1.993,0.500,mother-offspring,7.000,0.400,0.300,0.863,0.838,0,0,0,0
1,19,32,2,2009,0.000,0.034,maternal non-kin,4.200,0.111,0.333,0.619,0.766,0,0,0,1
1,19,32,2,2010,0.075,0.034,maternal non-kin,4.200,0.200,0.400,0.602,0.742,0,0,0,1
1,19,32,2,2011,0.497,0.034,maternal non-kin,4.200,0.100,0.300,0.875,0.838,0,0,0,0
3,20,6,3,2005,1.280,0.524,mother-offspring,16.600,0.250,0.000,NA,NA,0,0,0,1
3,20,6,3,2006,0.688,0.524,mother-offspring,16.600,0.000,0.250,NA,NA,0,0,0,0
3,20,6,3,2007,1.106,0.524,mother-offspring,16.600,0.000,0.500,NA,NA,0,0,1,0
3,20,6,3,2008,0.906,0.524,mother-offspring,16.600,0.000,0.500,NA,NA,1,0,1,0
3,21,7,3,2005,1.775,0.000,maternal non-kin,8.400,0.500,0.000,NA,NA,0,1,0,1
3,21,7,3,2006,0.684,0.000,maternal non-kin,8.400,0.750,0.250,NA,NA,0,1,0,0
3,21,7,3,2007,0.521,0.000,maternal non-kin,8.400,0.750,0.500,NA,NA,0,1,1,0
3,21,7,3,2008,0.390,0.000,maternal non-kin,8.400,0.750,0.500,NA,NA,0,1,1,0
3,21,7,3,2009,0.404,0.000,maternal non-kin,8.400,0.800,0.200,0.903,0.665,0,1,0,0
3,22,10,3,2005,1.524,0.060,maternal non-kin,6.200,1.000,0.000,NA,NA,1,0,0,1
3,22,10,3,2006,0.534,0.060,maternal non-kin,6.200,1.000,0.250,NA,NA,0,1,0,0
3,22,10,3,2007,0.590,0.060,maternal non-kin,6.200,1.000,0.500,NA,NA,0,1,1,0
3,22,10,3,2008,0.625,0.060,maternal non-kin,6.200,1.000,0.500,NA,NA,0,1,1,0
3,22,10,3,2009,0.798,0.060,maternal non-kin,6.200,1.000,0.200,0.891,0.665,0,1,0,0
3,23,22,3,2009,0.484,0.534,mother-offspring,20.300,0.000,0.200,0.851,0.665,1,0,0,0
3,24,25,3,2005,1.379,0.500,mother-offspring,13.200,0.750,0.000,NA,NA,0,1,0,1
3,24,25,3,2006,0.876,0.500,mother-offspring,13.200,0.500,0.250,NA,NA,0,1,0,0
3,24,25,3,2007,0.492,0.500,mother-offspring,13.200,0.250,0.500,NA,NA,1,0,1,0
3,24,25,3,2008,1.134,0.500,mother-offspring,13.200,0.250,0.500,NA,NA,0,0,1,0
3,24,25,3,2009,1.956,0.500,mother-offspring,13.200,0.600,0.200,0.750,0.665,0,0,0,0
3,25,6,4,2010,3.304,0.000,maternal non-kin,5.300,0.571,0.429,0.868,0.991,0,1,0,0
3,25,6,4,2011,1.229,0.000,maternal non-kin,5.300,0.333,0.667,0.875,0.955,0,1,0,0
3,26,7,4,2010,3.506,0.500,mother-offspring,13.400,0.857,0.429,0.898,0.991,0,1,0,0
3,26,7,4,2011,2.467,0.500,mother-offspring,13.400,0.833,0.667,0.928,0.955,0,0,0,0
3,27,10,4,2010,2.437,0.000,maternal non-kin,15.600,1.000,0.429,0.929,0.991,0,1,0,0
3,27,10,4,2011,2.343,0.000,maternal non-kin,15.600,1.000,0.667,0.941,0.955,0,1,0,0
3,28,19,4,2010,0.776,0.328,paternal sib,0.400,0.000,0.429,0.896,0.991,0,0,0,0
3,28,19,4,2011,0.754,0.328,paternal sib,0.400,0.000,0.667,0.837,0.955,0,0,0,0
3,29,22,4,2010,0.423,0.003,maternal non-kin,1.500,0.286,0.429,0.754,0.991,1,0,0,0
3,29,22,4,2011,0.929,0.003,maternal non-kin,1.500,0.167,0.667,0.828,0.955,0,0,0,0
3,30,25,4,2010,0.359,0.005,maternal non-kin,8.700,0.714,0.429,0.812,0.991,1,0,0,0
3,30,25,4,2011,0.696,0.005,maternal non-kin,8.700,0.500,0.667,0.830,0.955,0,0,0,0
3,31,31,4,2010,1.381,0.090,paternal sib,0.000,0.143,0.429,0.817,0.991,0,0,0,0
2,32,9,5,2009,0.000,0.068,maternal non-kin,4.300,0.300,0.800,0.824,0.942,0,1,0,0
2,32,9,5,2010,0.000,0.068,maternal non-kin,4.300,0.333,0.889,0.760,0.917,0,0,0,0
2,32,9,5,2011,0.054,0.068,maternal non-kin,4.300,0.333,0.889,0.800,0.963,0,0,0,0
2,33,12,5,2009,0.150,0.091,maternal non-kin,2.100,0.000,0.800,0.894,0.942,1,0,0,0
2,33,12,5,2010,0.969,0.091,maternal non-kin,2.100,0.000,0.889,0.774,0.917,0,0,0,0
2,33,12,5,2011,0.510,0.091,maternal non-kin,2.100,0.000,0.889,0.921,0.963,0,0,0,0
2,34,13,5,2009,1.731,0.471,mother-offspring,7.100,1.000,0.800,0.959,0.942,0,0,0,0
2,34,13,5,2010,7.443,0.471,mother-offspring,7.100,1.000,0.889,0.939,0.917,0,0,0,0
2,34,13,5,2011,4.730,0.471,mother-offspring,7.100,1.000,0.889,0.969,0.963,0,0,0,0
2,35,14,5,2009,1.046,0.105,maternal non-kin,11.100,0.500,0.800,0.929,0.942,0,0,0,0
2,35,14,5,2010,1.468,0.105,maternal non-kin,11.100,0.444,0.889,0.800,0.917,0,0,0,0
2,35,14,5,2011,1.368,0.105,maternal non-kin,11.100,0.556,0.889,0.917,0.963,0,0,0,0
2,36,16,5,2009,0.823,0.048,maternal non-kin,17.100,0.600,0.800,0.929,0.942,1,0,0,0
2,36,16,5,2010,0.414,0.048,maternal non-kin,17.100,0.556,0.889,0.711,0.917,0,0,0,0
2,36,16,5,2011,1.665,0.048,maternal non-kin,17.100,0.667,0.889,0.834,0.963,1,0,0,0
2,37,17,5,2009,0.000,0.099,maternal non-kin,9.100,0.200,0.800,0.818,0.942,0,0,0,0
2,37,17,5,2010,0.912,0.099,maternal non-kin,9.100,0.222,0.889,0.830,0.917,1,0,0,0
2,37,17,5,2011,0.456,0.099,maternal non-kin,9.100,0.222,0.889,0.851,0.963,0,0,0,0
2,38,20,5,2009,1.042,0.000,maternal non-kin,1.000,0.100,0.800,0.844,0.942,1,0,0,0
2,38,20,5,2010,0.212,0.000,maternal non-kin,1.000,0.111,0.889,0.822,0.917,1,0,0,0
2,38,20,5,2011,0.538,0.000,maternal non-kin,1.000,0.111,0.889,0.921,0.963,0,0,0,0
2,39,21,5,2009,0.421,0.000,paternal sib,4.600,0.700,0.800,0.915,0.942,0,0,0,0
2,39,21,5,2010,1.382,0.000,paternal sib,4.600,0.778,0.889,0.889,0.917,0,0,0,0
2,39,21,5,2011,2.606,0.000,paternal sib,4.600,0.778,0.889,0.950,0.963,0,1,0,0
2,40,23,5,2009,2.926,0.161,paternal sib,3.000,0.400,0.800,0.789,0.942,0,1,0,0
2,40,23,5,2010,1.736,0.161,paternal sib,3.000,0.667,0.889,0.900,0.917,0,1,0,0
2,40,23,5,2011,0.455,0.161,paternal sib,3.000,0.444,0.889,0.911,0.963,0,0,0,0
3,41,7,6,2005,0.290,0.056,maternal non-kin,8.200,0.500,0.250,NA,NA,0,1,0,0
3,41,7,6,2006,0.221,0.056,maternal non-kin,8.200,0.750,0.000,NA,NA,0,1,0,0
3,41,7,6,2007,1.347,0.056,maternal non-kin,8.200,0.750,0.000,NA,NA,0,1,0,0
3,41,7,6,2008,1.083,0.056,maternal non-kin,8.200,0.750,0.000,NA,NA,0,1,1,0
3,41,7,6,2009,0.364,0.056,maternal non-kin,8.200,0.800,0.400,0.903,0.712,0,1,0,0
3,41,7,6,2010,1.170,0.056,maternal non-kin,8.200,0.857,0.571,0.898,0.868,0,1,0,1
3,41,7,6,2011,0.931,0.056,maternal non-kin,8.200,0.833,0.333,0.928,0.875,0,0,0,1
3,42,10,6,2005,0.349,0.015,maternal non-kin,10.300,1.000,0.250,NA,NA,1,0,0,0
3,42,10,6,2006,0.511,0.015,maternal non-kin,10.300,1.000,0.000,NA,NA,0,1,0,0
3,42,10,6,2007,1.072,0.015,maternal non-kin,10.300,1.000,0.000,NA,NA,0,1,0,0
3,42,10,6,2008,1.255,0.015,maternal non-kin,10.300,1.000,0.000,NA,NA,0,1,1,0
3,42,10,6,2009,0.751,0.015,maternal non-kin,10.300,1.000,0.400,0.891,0.712,0,1,0,0
3,42,10,6,2010,2.014,0.015,maternal non-kin,10.300,1.000,0.571,0.929,0.868,0,1,0,1
3,42,10,6,2011,0.860,0.015,maternal non-kin,10.300,1.000,0.333,0.941,0.875,0,1,0,1
3,43,19,6,2010,1.725,0.154,maternal non-kin,5.700,0.000,0.571,0.896,0.868,0,0,0,1
3,43,19,6,2011,0.837,0.154,maternal non-kin,5.700,0.000,0.333,0.837,0.875,0,0,0,1
3,44,22,6,2009,0.190,0.500,maternal sib,3.700,0.000,0.400,0.851,0.712,1,0,0,0
3,44,22,6,2010,0.543,0.500,maternal sib,3.700,0.286,0.571,0.754,0.868,1,0,0,1
3,44,22,6,2011,1.052,0.500,maternal sib,3.700,0.167,0.333,0.828,0.875,0,0,0,1
3,45,25,6,2005,0.162,0.325,maternal sib,3.400,0.750,0.250,NA,NA,0,1,0,0
3,45,25,6,2006,0.580,0.325,maternal sib,3.400,0.500,0.000,NA,NA,0,1,0,0
3,45,25,6,2007,0.321,0.325,maternal sib,3.400,0.250,0.000,NA,NA,1,0,0,0
3,45,25,6,2008,1.370,0.325,maternal sib,3.400,0.250,0.000,NA,NA,0,0,1,0
3,45,25,6,2009,1.110,0.325,maternal sib,3.400,0.600,0.400,0.750,0.712,0,0,0,0
3,45,25,6,2010,1.367,0.325,maternal sib,3.400,0.714,0.571,0.812,0.868,1,0,0,1
3,45,25,6,2011,1.233,0.325,maternal sib,3.400,0.500,0.333,0.830,0.875,0,0,0,1
3,46,31,6,2010,1.542,0.413,maternal sib,5.300,0.143,0.571,0.817,0.868,0,0,0,1
3,47,10,7,2005,1.307,0.306,maternal sib,2.200,1.000,0.500,NA,NA,1,0,0,1
3,47,10,7,2006,3.073,0.306,maternal sib,2.200,1.000,0.750,NA,NA,0,1,0,1
3,47,10,7,2007,1.585,0.306,maternal sib,2.200,1.000,0.750,NA,NA,0,1,0,1
3,47,10,7,2008,2.142,0.306,maternal sib,2.200,1.000,0.750,NA,NA,0,1,0,1
3,47,10,7,2009,3.755,0.306,maternal sib,2.200,1.000,0.800,0.891,0.903,0,1,0,1
3,47,10,7,2010,0.540,0.306,maternal sib,2.200,1.000,0.857,0.929,0.898,0,1,0,1
3,47,10,7,2011,2.412,0.306,maternal sib,2.200,1.000,0.833,0.941,0.928,0,1,0,0
3,48,19,7,2010,0.091,0.000,maternal non-kin,13.900,0.000,0.857,0.896,0.898,0,0,0,1
3,48,19,7,2011,1.284,0.000,maternal non-kin,13.900,0.000,0.833,0.837,0.928,0,0,0,0
3,49,22,7,2009,1.096,0.036,maternal non-kin,11.900,0.000,0.800,0.851,0.903,1,0,0,1
3,49,22,7,2010,0.364,0.036,maternal non-kin,11.900,0.286,0.857,0.754,0.898,1,0,0,1
3,49,22,7,2011,0.814,0.036,maternal non-kin,11.900,0.167,0.833,0.828,0.928,0,0,0,0
3,50,25,7,2005,0.572,0.000,maternal non-kin,4.800,0.750,0.500,NA,NA,0,1,0,1
3,50,25,7,2006,1.227,0.000,maternal non-kin,4.800,0.500,0.750,NA,NA,0,1,0,1
3,50,25,7,2007,1.299,0.000,maternal non-kin,4.800,0.250,0.750,NA,NA,1,0,0,1
3,50,25,7,2008,0.383,0.000,maternal non-kin,4.800,0.250,0.750,NA,NA,0,0,0,1
3,50,25,7,2009,0.735,0.000,maternal non-kin,4.800,0.600,0.800,0.750,0.903,0,0,0,1
3,50,25,7,2010,0.516,0.000,maternal non-kin,4.800,0.714,0.857,0.812,0.898,1,0,0,1
3,50,25,7,2011,0.336,0.000,maternal non-kin,4.800,0.500,0.833,0.830,0.928,0,0,0,0
3,51,31,7,2010,0.216,0.181,maternal non-kin,13.400,0.143,0.857,0.817,0.898,0,0,0,1
1,52,11,8,2007,3.071,0.642,full sib,2.000,0.000,0.500,NA,NA,0,0,1,0
1,52,11,8,2008,1.471,0.642,full sib,2.000,0.167,0.667,NA,NA,0,0,0,0
1,52,11,8,2009,1.859,0.642,full sib,2.000,0.556,0.778,0.810,0.809,0,0,0,1
1,52,11,8,2010,0.672,0.642,full sib,2.000,0.600,0.700,0.758,0.845,0,0,0,0
1,52,11,8,2011,3.574,0.642,full sib,2.000,0.500,0.700,0.875,0.887,0,0,0,0
1,53,18,8,2009,0.106,0.038,maternal non-kin,3.800,0.000,0.778,0.729,0.809,0,0,0,1
1,53,18,8,2010,2.113,0.038,maternal non-kin,3.800,0.100,0.700,0.921,0.845,1,0,0,0
1,53,18,8,2011,0.767,0.038,maternal non-kin,3.800,0.600,0.700,0.887,0.887,1,0,0,0
1,54,26,8,2006,0.655,0.000,maternal non-kin,0.600,0.600,0.400,NA,NA,0,0,0,0
1,54,26,8,2007,1.793,0.000,maternal non-kin,0.600,0.833,0.500,NA,NA,0,1,1,0
1,54,26,8,2008,1.244,0.000,maternal non-kin,0.600,0.833,0.667,NA,NA,0,0,0,0
1,54,26,8,2009,0.292,0.000,maternal non-kin,0.600,0.889,0.778,0.841,0.809,0,0,0,1
1,54,26,8,2010,0.853,0.000,maternal non-kin,0.600,0.900,0.700,0.951,0.845,0,0,0,0
1,54,26,8,2011,0.376,0.000,maternal non-kin,0.600,0.900,0.700,0.929,0.887,1,0,0,0
1,55,27,8,2005,0.236,0.000,maternal non-kin,10.900,0.250,0.000,NA,NA,0,0,0,0
1,55,27,8,2006,2.314,0.000,maternal non-kin,10.900,0.000,0.400,NA,NA,0,1,0,0
1,55,27,8,2007,0.606,0.000,maternal non-kin,10.900,0.167,0.500,NA,NA,0,0,1,0
1,55,27,8,2008,1.621,0.000,maternal non-kin,10.900,0.333,0.667,NA,NA,0,1,0,0
1,55,27,8,2009,0.000,0.000,maternal non-kin,10.900,0.222,0.778,0.609,0.809,0,0,0,1
1,55,27,8,2010,0.440,0.000,maternal non-kin,10.900,0.300,0.700,0.740,0.845,0,1,0,0
1,55,27,8,2011,0.276,0.000,maternal non-kin,10.900,0.200,0.700,0.731,0.887,0,0,0,0
1,56,28,8,2009,1.594,0.000,maternal non-kin,2.800,0.667,0.778,0.969,0.809,1,0,0,1
1,56,28,8,2010,1.845,0.000,maternal non-kin,2.800,0.800,0.700,0.882,0.845,0,0,0,0
1,56,28,8,2011,0.332,0.000,maternal non-kin,2.800,0.800,0.700,0.940,0.887,0,0,0,0
1,57,29,8,2005,0.415,0.077,maternal non-kin,1.800,1.000,0.000,NA,NA,1,0,0,0
1,57,29,8,2006,0.997,0.077,maternal non-kin,1.800,1.000,0.400,NA,NA,0,0,0,0
1,57,29,8,2007,2.026,0.077,maternal non-kin,1.800,1.000,0.500,NA,NA,0,1,1,0
1,57,29,8,2008,1.121,0.077,maternal non-kin,1.800,1.000,0.667,NA,NA,0,1,0,0
1,57,29,8,2009,1.076,0.077,maternal non-kin,1.800,1.000,0.778,0.879,0.809,0,0,0,1
1,57,29,8,2010,0.606,0.077,maternal non-kin,1.800,1.000,0.700,0.956,0.845,0,0,0,0
1,57,29,8,2011,0.689,0.077,maternal non-kin,1.800,1.000,0.700,0.976,0.887,0,1,0,0
1,58,30,8,2005,1.642,0.000,maternal non-kin,4.000,0.750,0.000,NA,NA,0,1,0,0
1,58,30,8,2006,0.537,0.000,maternal non-kin,4.000,0.800,0.400,NA,NA,0,1,0,0
1,58,30,8,2007,0.637,0.000,maternal non-kin,4.000,0.667,0.500,NA,NA,1,0,1,0
1,58,30,8,2008,0.857,0.000,maternal non-kin,4.000,0.500,0.667,NA,NA,0,0,0,0
1,58,30,8,2009,0.492,0.000,maternal non-kin,4.000,0.444,0.778,0.591,0.809,1,0,0,1
1,58,30,8,2010,0.743,0.000,maternal non-kin,4.000,0.500,0.700,0.692,0.845,0,0,0,0
1,58,30,8,2011,2.778,0.000,maternal non-kin,4.000,0.400,0.700,0.863,0.887,0,0,0,0
1,59,32,8,2005,0.349,0.061,maternal non-kin,1.300,0.500,0.000,NA,NA,0,0,0,0
1,59,32,8,2006,0.593,0.061,maternal non-kin,1.300,0.200,0.400,NA,NA,0,1,0,0
1,59,32,8,2007,0.126,0.061,maternal non-kin,1.300,0.333,0.500,NA,NA,0,1,1,0
1,59,32,8,2008,0.225,0.061,maternal non-kin,1.300,0.000,0.667,NA,NA,0,0,0,0
1,59,32,8,2009,0.413,0.061,maternal non-kin,1.300,0.111,0.778,0.619,0.809,0,0,0,1
1,59,32,8,2010,0.147,0.061,maternal non-kin,1.300,0.200,0.700,0.602,0.845,0,0,0,0
1,59,32,8,2011,0.447,0.061,maternal non-kin,1.300,0.100,0.700,0.875,0.887,0,0,0,0
2,60,12,9,2007,1.593,0.454,maternal sib,2.200,0.000,0.333,NA,NA,0,0,0,1
2,60,12,9,2008,2.228,0.454,maternal sib,2.200,0.000,0.333,NA,NA,0,0,0,1
2,60,12,9,2009,0.465,0.454,maternal sib,2.200,0.000,0.300,0.894,0.824,1,0,0,1
2,60,12,9,2010,0.218,0.454,maternal sib,2.200,0.000,0.333,0.774,0.760,0,0,0,0
2,60,12,9,2011,1.098,0.454,maternal sib,2.200,0.000,0.333,0.921,0.800,0,0,0,0
2,61,13,9,2007,1.417,0.076,maternal non-kin,2.700,1.000,0.333,NA,NA,0,0,0,1
2,61,13,9,2008,0.000,0.076,maternal non-kin,2.700,1.000,0.333,NA,NA,0,0,0,1
2,61,13,9,2009,0.270,0.076,maternal non-kin,2.700,1.000,0.300,0.959,0.824,0,0,0,1
2,61,13,9,2010,0.390,0.076,maternal non-kin,2.700,1.000,0.333,0.939,0.760,0,0,0,0
2,61,13,9,2011,0.054,0.076,maternal non-kin,2.700,1.000,0.333,0.969,0.800,0,0,0,0
2,62,14,9,2007,0.540,0.049,maternal non-kin,6.700,0.667,0.333,NA,NA,1,0,0,1
2,62,14,9,2008,0.412,0.049,maternal non-kin,6.700,0.556,0.333,NA,NA,1,0,0,1
2,62,14,9,2009,0.248,0.049,maternal non-kin,6.700,0.500,0.300,0.929,0.824,0,0,0,1
2,62,14,9,2010,1.004,0.049,maternal non-kin,6.700,0.444,0.333,0.800,0.760,0,0,0,0
2,62,14,9,2011,3.153,0.049,maternal non-kin,6.700,0.556,0.333,0.917,0.800,0,0,0,0
2,63,15,9,2007,1.582,0.300,maternal non-kin,14.700,0.889,0.333,NA,NA,0,1,0,1
2,63,15,9,2008,0.973,0.300,maternal non-kin,14.700,0.889,0.333,NA,NA,0,1,0,1
2,63,15,9,2009,0.000,0.300,maternal non-kin,14.700,0.900,0.300,0.887,0.824,0,1,0,1
2,64,16,9,2007,1.065,0.052,maternal non-kin,12.700,0.778,0.333,NA,NA,1,0,0,1
2,64,16,9,2008,0.814,0.052,maternal non-kin,12.700,0.778,0.333,NA,NA,1,0,0,1
2,64,16,9,2009,0.758,0.052,maternal non-kin,12.700,0.600,0.300,0.929,0.824,1,0,0,1
2,64,16,9,2010,0.390,0.052,maternal non-kin,12.700,0.556,0.333,0.711,0.760,0,0,0,0
2,64,16,9,2011,0.202,0.052,maternal non-kin,12.700,0.667,0.333,0.834,0.800,1,0,0,0
2,65,17,9,2007,0.312,0.000,Excluded from model testing for effect of kinship categories,4.700,0.222,0.333,NA,NA,0,0,0,1
2,65,17,9,2008,0.930,0.000,Excluded from model testing for effect of kinship categories,4.700,0.222,0.333,NA,NA,0,0,0,1
2,65,17,9,2009,0.840,0.000,Excluded from model testing for effect of kinship categories,4.700,0.200,0.300,0.818,0.824,0,0,0,1
2,65,17,9,2010,1.037,0.000,Excluded from model testing for effect of kinship categories,4.700,0.222,0.333,0.830,0.760,1,0,0,0
2,65,17,9,2011,1.310,0.000,Excluded from model testing for effect of kinship categories,4.700,0.222,0.333,0.851,0.800,0,0,0,0
2,66,20,9,2009,0.702,0.513,maternal sib,3.400,0.100,0.300,0.844,0.824,1,0,0,1
2,66,20,9,2010,0.549,0.513,maternal sib,3.400,0.111,0.333,0.822,0.760,1,0,0,0
2,66,20,9,2011,1.287,0.513,maternal sib,3.400,0.111,0.333,0.921,0.800,0,0,0,0
2,67,21,9,2007,2.774,0.000,maternal non-kin,0.200,0.556,0.333,NA,NA,0,0,0,1
2,67,21,9,2008,0.789,0.000,maternal non-kin,0.200,0.667,0.333,NA,NA,0,0,0,1
2,67,21,9,2009,0.195,0.000,maternal non-kin,0.200,0.700,0.300,0.915,0.824,0,0,0,1
2,67,21,9,2010,0.104,0.000,maternal non-kin,0.200,0.778,0.333,0.889,0.760,0,0,0,0
2,67,21,9,2011,0.053,0.000,maternal non-kin,0.200,0.778,0.333,0.950,0.800,0,1,0,0
2,68,23,9,2007,0.875,0.390,maternal non-kin,1.300,0.444,0.333,NA,NA,0,0,0,1
2,68,23,9,2008,0.791,0.390,maternal non-kin,1.300,0.444,0.333,NA,NA,1,0,0,1
2,68,23,9,2009,1.857,0.390,maternal non-kin,1.300,0.400,0.300,0.789,0.824,0,1,0,1
2,68,23,9,2010,2.217,0.390,maternal non-kin,1.300,0.667,0.333,0.900,0.760,0,1,0,0
2,68,23,9,2011,0.371,0.390,maternal non-kin,1.300,0.444,0.333,0.911,0.800,0,0,0,0
2,69,24,9,2007,1.309,0.500,mother-offspring,16.700,0.111,0.333,NA,NA,1,0,0,1
2,69,24,9,2008,0.256,0.500,mother-offspring,16.700,0.111,0.333,NA,NA,1,0,0,1
3,70,19,10,2010,0.521,0.136,maternal non-kin,16.000,0.000,1.000,0.896,0.929,0,0,0,1
3,70,19,10,2011,0.313,0.136,maternal non-kin,16.000,0.000,1.000,0.837,0.941,0,0,0,1
3,71,22,10,2009,0.864,0.069,maternal non-kin,14.000,0.000,1.000,0.851,0.891,1,0,0,1
3,71,22,10,2010,0.317,0.069,maternal non-kin,14.000,0.286,1.000,0.754,0.929,1,0,0,1
3,71,22,10,2011,0.112,0.069,maternal non-kin,14.000,0.167,1.000,0.828,0.941,0,0,0,1
3,72,25,10,2005,1.361,0.186,maternal non-kin,6.900,0.750,1.000,NA,NA,0,1,1,0
3,72,25,10,2006,1.605,0.186,maternal non-kin,6.900,0.500,1.000,NA,NA,0,1,0,1
3,72,25,10,2007,1.666,0.186,maternal non-kin,6.900,0.250,1.000,NA,NA,1,0,0,1
3,72,25,10,2008,0.711,0.186,maternal non-kin,6.900,0.250,1.000,NA,NA,0,0,0,1
3,72,25,10,2009,0.576,0.186,maternal non-kin,6.900,0.600,1.000,0.750,0.891,0,0,0,1
3,72,25,10,2010,0.775,0.186,maternal non-kin,6.900,0.714,1.000,0.812,0.929,1,0,0,1
3,72,25,10,2011,0.195,0.186,maternal non-kin,6.900,0.500,1.000,0.830,0.941,0,0,0,1
3,73,31,10,2010,0.184,0.000,maternal non-kin,15.600,0.143,1.000,0.817,0.929,0,0,0,1
1,74,18,11,2009,0.455,0.000,maternal non-kin,1.900,0.000,0.556,0.729,0.810,0,0,0,0
1,74,18,11,2010,1.181,0.000,maternal non-kin,1.900,0.100,0.600,0.921,0.758,1,0,0,0
1,74,18,11,2011,0.326,0.000,maternal non-kin,1.900,0.600,0.500,0.887,0.875,1,0,0,0
1,75,26,11,2007,0.742,0.004,maternal non-kin,1.300,0.833,0.000,NA,NA,0,1,0,0
1,75,26,11,2008,0.926,0.004,maternal non-kin,1.300,0.833,0.167,NA,NA,0,0,0,0
1,75,26,11,2009,0.883,0.004,maternal non-kin,1.300,0.889,0.556,0.841,0.810,0,0,0,0
1,75,26,11,2010,0.785,0.004,maternal non-kin,1.300,0.900,0.600,0.951,0.758,0,0,0,0
1,75,26,11,2011,0.330,0.004,maternal non-kin,1.300,0.900,0.500,0.929,0.875,1,0,0,0
1,76,27,11,2007,0.258,0.061,maternal non-kin,12.900,0.167,0.000,NA,NA,0,0,0,0
1,76,27,11,2008,0.985,0.061,maternal non-kin,12.900,0.333,0.167,NA,NA,0,1,0,0
1,76,27,11,2009,0.194,0.061,maternal non-kin,12.900,0.222,0.556,0.609,0.810,0,0,0,0
1,76,27,11,2010,0.822,0.061,maternal non-kin,12.900,0.300,0.600,0.740,0.758,0,1,0,0
1,76,27,11,2011,0.000,0.061,maternal non-kin,12.900,0.200,0.500,0.731,0.875,0,0,0,0
1,77,28,11,2009,1.087,0.132,maternal non-kin,0.800,0.667,0.556,0.969,0.810,1,0,0,0
1,77,28,11,2010,0.232,0.132,maternal non-kin,0.800,0.800,0.600,0.882,0.758,0,0,0,0
1,77,28,11,2011,1.178,0.132,maternal non-kin,0.800,0.800,0.500,0.940,0.875,0,0,0,0
1,78,29,11,2007,2.173,0.164,maternal non-kin,3.700,1.000,0.000,NA,NA,0,1,0,0
1,78,29,11,2008,1.147,0.164,maternal non-kin,3.700,1.000,0.167,NA,NA,0,1,0,0
1,78,29,11,2009,0.398,0.164,maternal non-kin,3.700,1.000,0.556,0.879,0.810,0,0,0,0
1,78,29,11,2010,0.973,0.164,maternal non-kin,3.700,1.000,0.600,0.956,0.758,0,0,0,0
1,78,29,11,2011,1.875,0.164,maternal non-kin,3.700,1.000,0.500,0.976,0.875,0,1,0,0
1,79,30,11,2007,0.946,0.000,maternal non-kin,6.000,0.667,0.000,NA,NA,1,0,0,0
1,79,30,11,2008,0.686,0.000,maternal non-kin,6.000,0.500,0.167,NA,NA,0,0,0,0
1,79,30,11,2009,0.106,0.000,maternal non-kin,6.000,0.444,0.556,0.591,0.810,1,0,0,0
1,79,30,11,2010,0.489,0.000,maternal non-kin,6.000,0.500,0.600,0.692,0.758,0,0,0,0
1,79,30,11,2011,1.549,0.000,maternal non-kin,6.000,0.400,0.500,0.863,0.875,0,0,0,0
1,80,32,11,2007,0.868,0.047,maternal non-kin,3.200,0.333,0.000,NA,NA,0,1,0,0
1,80,32,11,2008,0.183,0.047,maternal non-kin,3.200,0.000,0.167,NA,NA,0,0,0,0
1,80,32,11,2009,0.106,0.047,maternal non-kin,3.200,0.111,0.556,0.619,0.810,0,0,0,0
1,80,32,11,2010,0.516,0.047,maternal non-kin,3.200,0.200,0.600,0.602,0.758,0,0,0,0
1,80,32,11,2011,0.651,0.047,maternal non-kin,3.200,0.100,0.500,0.875,0.875,0,0,0,0
2,81,13,12,2007,0.237,0.166,maternal non-kin,4.900,1.000,0.000,NA,NA,0,0,0,0
2,81,13,12,2008,0.441,0.166,maternal non-kin,4.900,1.000,0.000,NA,NA,0,0,0,0
2,81,13,12,2009,0.345,0.166,maternal non-kin,4.900,1.000,0.000,0.959,0.894,0,0,1,0
2,81,13,12,2010,0.209,0.166,maternal non-kin,4.900,1.000,0.000,0.939,0.774,0,0,0,0
2,81,13,12,2011,0.109,0.166,maternal non-kin,4.900,1.000,0.000,0.969,0.921,0,0,0,0
2,82,14,12,2007,0.263,0.247,maternal non-kin,8.900,0.667,0.000,NA,NA,1,0,0,0
2,82,14,12,2008,0.457,0.247,maternal non-kin,8.900,0.556,0.000,NA,NA,1,0,0,0
2,82,14,12,2009,0.775,0.247,maternal non-kin,8.900,0.500,0.000,0.929,0.894,0,0,1,0
2,82,14,12,2010,0.975,0.247,maternal non-kin,8.900,0.444,0.000,0.800,0.774,0,0,0,0
2,82,14,12,2011,0.543,0.247,maternal non-kin,8.900,0.556,0.000,0.917,0.921,0,0,0,0
2,83,15,12,2007,0.421,0.351,maternal non-kin,16.900,0.889,0.000,NA,NA,0,1,0,0
2,83,15,12,2008,0.737,0.351,maternal non-kin,16.900,0.889,0.000,NA,NA,0,1,0,0
2,83,15,12,2009,1.286,0.351,maternal non-kin,16.900,0.900,0.000,0.887,0.894,0,1,1,0
2,84,16,12,2007,0.039,0.035,maternal non-kin,14.900,0.778,0.000,NA,NA,1,0,0,0
2,84,16,12,2008,0.470,0.035,maternal non-kin,14.900,0.778,0.000,NA,NA,1,0,0,0
2,84,16,12,2009,0.270,0.035,maternal non-kin,14.900,0.600,0.000,0.929,0.894,1,0,1,0
2,84,16,12,2010,0.107,0.035,maternal non-kin,14.900,0.556,0.000,0.711,0.774,0,0,0,0
2,84,16,12,2011,0.256,0.035,maternal non-kin,14.900,0.667,0.000,0.834,0.921,1,0,0,0
2,85,17,12,2007,1.173,0.000,Excluded from model testing for effect of kinship categories,6.900,0.222,0.000,NA,NA,0,0,0,0
2,85,17,12,2008,1.438,0.000,Excluded from model testing for effect of kinship categories,6.900,0.222,0.000,NA,NA,0,0,0,0
2,85,17,12,2009,0.674,0.000,Excluded from model testing for effect of kinship categories,6.900,0.200,0.000,0.818,0.894,0,0,1,0
2,85,17,12,2010,1.261,0.000,Excluded from model testing for effect of kinship categories,6.900,0.222,0.000,0.830,0.774,1,0,0,0
2,85,17,12,2011,1.475,0.000,Excluded from model testing for effect of kinship categories,6.900,0.222,0.000,0.851,0.921,0,0,0,0
2,86,20,12,2009,0.075,0.409,maternal sib,1.200,0.100,0.000,0.844,0.894,1,0,1,0
2,86,20,12,2010,0.000,0.409,maternal sib,1.200,0.111,0.000,0.822,0.774,1,0,0,0
2,86,20,12,2011,0.899,0.409,maternal sib,1.200,0.111,0.000,0.921,0.921,0,0,0,0
2,87,21,12,2007,0.226,0.179,maternal non-kin,2.500,0.556,0.000,NA,NA,0,0,0,0
2,87,21,12,2008,0.352,0.179,maternal non-kin,2.500,0.667,0.000,NA,NA,0,0,0,0
2,87,21,12,2009,0.675,0.179,maternal non-kin,2.500,0.700,0.000,0.915,0.894,0,0,1,0
2,87,21,12,2010,0.413,0.179,maternal non-kin,2.500,0.778,0.000,0.889,0.774,0,0,0,0
2,87,21,12,2011,0.053,0.179,maternal non-kin,2.500,0.778,0.000,0.950,0.921,0,1,0,0
2,88,23,12,2007,0.885,0.373,maternal non-kin,0.900,0.444,0.000,NA,NA,0,0,0,0
2,88,23,12,2008,0.576,0.373,maternal non-kin,0.900,0.444,0.000,NA,NA,1,0,0,0
2,88,23,12,2009,1.026,0.373,maternal non-kin,0.900,0.400,0.000,0.789,0.894,0,1,1,0
2,88,23,12,2010,1.323,0.373,maternal non-kin,0.900,0.667,0.000,0.900,0.774,0,1,0,0
2,88,23,12,2011,0.457,0.373,maternal non-kin,0.900,0.444,0.000,0.911,0.921,0,0,0,0
2,89,24,12,2007,2.013,0.507,mother-offspring,18.900,0.111,0.000,NA,NA,1,0,0,0
2,89,24,12,2008,1.491,0.507,mother-offspring,18.900,0.111,0.000,NA,NA,1,0,0,0
2,90,14,13,2007,0.578,0.000,maternal non-kin,4.000,0.667,1.000,NA,NA,1,0,0,0
2,90,14,13,2008,0.792,0.000,maternal non-kin,4.000,0.556,1.000,NA,NA,1,0,0,0
2,90,14,13,2009,0.074,0.000,maternal non-kin,4.000,0.500,1.000,0.929,0.959,0,0,0,0
2,90,14,13,2010,0.739,0.000,maternal non-kin,4.000,0.444,1.000,0.800,0.939,0,0,0,0
2,90,14,13,2011,1.001,0.000,maternal non-kin,4.000,0.556,1.000,0.917,0.969,0,0,0,0
2,91,15,13,2007,5.895,0.213,mother-offspring,12.000,0.889,1.000,NA,NA,0,1,0,0
2,91,15,13,2008,4.077,0.213,mother-offspring,12.000,0.889,1.000,NA,NA,0,1,0,0
2,91,15,13,2009,1.119,0.213,mother-offspring,12.000,0.900,1.000,0.887,0.959,0,1,0,0
2,92,16,13,2007,0.904,0.000,maternal non-kin,10.000,0.778,1.000,NA,NA,1,0,0,0
2,92,16,13,2008,1.225,0.000,maternal non-kin,10.000,0.778,1.000,NA,NA,1,0,0,0
2,92,16,13,2009,3.447,0.000,maternal non-kin,10.000,0.600,1.000,0.929,0.959,1,0,0,0
2,92,16,13,2010,0.104,0.000,maternal non-kin,10.000,0.556,1.000,0.711,0.939,0,0,0,0
2,92,16,13,2011,1.211,0.000,maternal non-kin,10.000,0.667,1.000,0.834,0.969,1,0,0,0
2,93,17,13,2007,0.161,0.175,Excluded from model testing for effect of kinship categories,2.000,0.222,1.000,NA,NA,0,0,0,0
2,93,17,13,2008,0.221,0.175,Excluded from model testing for effect of kinship categories,2.000,0.222,1.000,NA,NA,0,0,0,0
2,93,17,13,2009,1.696,0.175,Excluded from model testing for effect of kinship categories,2.000,0.200,1.000,0.818,0.959,0,0,0,0
2,93,17,13,2010,1.319,0.175,Excluded from model testing for effect of kinship categories,2.000,0.222,1.000,0.830,0.939,1,0,0,0
2,93,17,13,2011,0.331,0.175,Excluded from model testing for effect of kinship categories,2.000,0.222,1.000,0.851,0.969,0,0,0,0
2,94,20,13,2009,0.344,0.049,maternal non-kin,6.100,0.100,1.000,0.844,0.959,1,0,0,0
2,94,20,13,2010,0.426,0.049,maternal non-kin,6.100,0.111,1.000,0.822,0.939,1,0,0,0
2,94,20,13,2011,0.264,0.049,maternal non-kin,6.100,0.111,1.000,0.921,0.969,0,0,0,0
2,95,21,13,2007,0.596,0.000,maternal non-kin,2.500,0.556,1.000,NA,NA,0,0,0,0
2,95,21,13,2008,1.875,0.000,maternal non-kin,2.500,0.667,1.000,NA,NA,0,0,0,0
2,95,21,13,2009,1.709,0.000,maternal non-kin,2.500,0.700,1.000,0.915,0.959,0,0,0,0
2,95,21,13,2010,1.051,0.000,maternal non-kin,2.500,0.778,1.000,0.889,0.939,0,0,0,0
2,95,21,13,2011,2.714,0.000,maternal non-kin,2.500,0.778,1.000,0.950,0.969,0,1,0,0
2,96,23,13,2007,0.350,0.195,maternal non-kin,4.000,0.444,1.000,NA,NA,0,0,0,0
2,96,23,13,2008,0.567,0.195,maternal non-kin,4.000,0.444,1.000,NA,NA,1,0,0,0
2,96,23,13,2009,1.871,0.195,maternal non-kin,4.000,0.400,1.000,0.789,0.959,0,1,0,0
2,96,23,13,2010,0.000,0.195,maternal non-kin,4.000,0.667,1.000,0.900,0.939,0,1,0,0
2,96,23,13,2011,1.050,0.195,maternal non-kin,4.000,0.444,1.000,0.911,0.969,0,0,0,0
2,97,24,13,2007,1.212,0.482,maternal non-kin,14.000,0.111,1.000,NA,NA,1,0,0,0
2,97,24,13,2008,0.502,0.482,maternal non-kin,14.000,0.111,1.000,NA,NA,1,0,0,0
2,98,15,14,2007,0.525,0.000,maternal non-kin,8.000,0.889,0.667,NA,NA,0,1,1,0
2,98,15,14,2008,0.980,0.000,maternal non-kin,8.000,0.889,0.556,NA,NA,0,1,1,0
2,98,15,14,2009,0.000,0.000,maternal non-kin,8.000,0.900,0.500,0.887,0.929,0,1,0,0
2,99,16,14,2007,1.693,0.500,mother-offspring,6.000,0.778,0.667,NA,NA,1,0,1,0
2,99,16,14,2008,2.614,0.500,mother-offspring,6.000,0.778,0.556,NA,NA,1,0,1,0
2,99,16,14,2009,2.897,0.500,mother-offspring,6.000,0.600,0.500,0.929,0.929,1,0,0,0
2,99,16,14,2010,2.633,0.500,mother-offspring,6.000,0.556,0.444,0.711,0.800,0,0,0,0
2,99,16,14,2011,2.616,0.500,mother-offspring,6.000,0.667,0.556,0.834,0.917,1,0,0,0
2,100,17,14,2007,0.232,0.026,Excluded from model testing for effect of kinship categories,2.000,0.222,0.667,NA,NA,0,0,1,0
2,100,17,14,2008,0.412,0.026,Excluded from model testing for effect of kinship categories,2.000,0.222,0.556,NA,NA,0,0,1,0
2,100,17,14,2009,0.736,0.026,Excluded from model testing for effect of kinship categories,2.000,0.200,0.500,0.818,0.929,0,0,0,0
2,100,17,14,2010,3.482,0.026,Excluded from model testing for effect of kinship categories,2.000,0.222,0.444,0.830,0.800,1,0,0,0
2,100,17,14,2011,2.164,0.026,Excluded from model testing for effect of kinship categories,2.000,0.222,0.556,0.851,0.917,0,0,0,0
2,101,20,14,2009,1.382,0.000,maternal non-kin,10.100,0.100,0.500,0.844,0.929,1,0,0,0
2,101,20,14,2010,0.326,0.000,maternal non-kin,10.100,0.111,0.444,0.822,0.800,1,0,0,0
2,101,20,14,2011,0.110,0.000,maternal non-kin,10.100,0.111,0.556,0.921,0.917,0,0,0,0
2,102,21,14,2007,1.511,0.270,maternal sib,6.500,0.556,0.667,NA,NA,0,0,1,0
2,102,21,14,2008,1.642,0.270,maternal sib,6.500,0.667,0.556,NA,NA,0,0,1,0
2,102,21,14,2009,1.504,0.270,maternal sib,6.500,0.700,0.500,0.915,0.929,0,0,0,0
2,102,21,14,2010,1.749,0.270,maternal sib,6.500,0.778,0.444,0.889,0.800,0,0,0,0
2,102,21,14,2011,2.206,0.270,maternal sib,6.500,0.778,0.556,0.950,0.917,0,1,0,0
2,103,23,14,2007,0.231,0.204,maternal non-kin,8.000,0.444,0.667,NA,NA,0,0,1,0
2,103,23,14,2008,1.141,0.204,maternal non-kin,8.000,0.444,0.556,NA,NA,1,0,1,0
2,103,23,14,2009,0.618,0.204,maternal non-kin,8.000,0.400,0.500,0.789,0.929,0,1,0,0
2,103,23,14,2010,0.764,0.204,maternal non-kin,8.000,0.667,0.444,0.900,0.800,0,1,0,0
2,103,23,14,2011,0.368,0.204,maternal non-kin,8.000,0.444,0.556,0.911,0.917,0,0,0,0
2,104,24,14,2007,1.304,0.018,maternal non-kin,10.000,0.111,0.667,NA,NA,1,0,1,0
2,104,24,14,2008,0.403,0.018,maternal non-kin,10.000,0.111,0.556,NA,NA,1,0,1,0
2,105,16,15,2007,1.691,0.443,Excluded from model testing for effect of kinship categories,2.000,0.778,0.889,NA,NA,1,0,0,1
2,105,16,15,2008,1.688,0.443,Excluded from model testing for effect of kinship categories,2.000,0.778,0.889,NA,NA,1,0,0,1
2,106,17,15,2007,2.065,0.000,Excluded from model testing for effect of kinship categories,10.000,0.222,0.889,NA,NA,0,0,0,1
2,106,17,15,2008,0.187,0.000,Excluded from model testing for effect of kinship categories,10.000,0.222,0.889,NA,NA,0,0,0,1
2,107,20,15,2009,0.787,0.500,maternal non-kin,18.100,0.100,0.900,0.844,0.887,1,0,0,1
2,108,21,15,2007,1.566,0.212,maternal non-kin,14.500,0.556,0.889,NA,NA,0,0,0,1
2,108,21,15,2008,2.410,0.212,maternal non-kin,14.500,0.667,0.889,NA,NA,0,0,0,1
2,108,21,15,2009,2.012,0.212,maternal non-kin,14.500,0.700,0.900,0.915,0.887,0,0,0,1
2,109,23,15,2007,0.301,0.000,Excluded from model testing for effect of kinship categories,16.000,0.444,0.889,NA,NA,0,0,0,1
2,109,23,15,2008,1.128,0.000,Excluded from model testing for effect of kinship categories,16.000,0.444,0.889,NA,NA,1,0,0,1
2,109,23,15,2009,0.610,0.000,Excluded from model testing for effect of kinship categories,16.000,0.400,0.900,0.789,0.887,0,1,0,1
2,110,24,15,2007,0.228,0.648,Excluded from model testing for effect of kinship categories,2.000,0.111,0.889,NA,NA,1,0,0,1
2,110,24,15,2008,0.391,0.648,Excluded from model testing for effect of kinship categories,2.000,0.111,0.889,NA,NA,1,0,0,1
2,111,17,16,2007,0.317,0.000,Excluded from model testing for effect of kinship categories,8.000,0.222,0.778,NA,NA,0,0,1,0
2,111,17,16,2008,0.455,0.000,Excluded from model testing for effect of kinship categories,8.000,0.222,0.778,NA,NA,0,0,1,0
2,111,17,16,2009,0.000,0.000,Excluded from model testing for effect of kinship categories,8.000,0.200,0.600,0.818,0.929,0,0,1,0
2,111,17,16,2010,0.000,0.000,Excluded from model testing for effect of kinship categories,8.000,0.222,0.556,0.830,0.711,1,0,0,0
2,111,17,16,2011,0.209,0.000,Excluded from model testing for effect of kinship categories,8.000,0.222,0.667,0.851,0.834,0,0,1,0
2,112,20,16,2009,0.375,0.094,maternal non-kin,16.100,0.100,0.600,0.844,0.929,1,0,1,0
2,112,20,16,2010,0.708,0.094,maternal non-kin,16.100,0.111,0.556,0.822,0.711,1,0,0,0
2,112,20,16,2011,0.707,0.094,maternal non-kin,16.100,0.111,0.667,0.921,0.834,0,0,1,0
2,113,21,16,2007,0.751,0.531,mother-offspring,12.500,0.556,0.778,NA,NA,0,0,1,0
2,113,21,16,2008,2.342,0.531,mother-offspring,12.500,0.667,0.778,NA,NA,0,0,1,0
2,113,21,16,2009,1.775,0.531,mother-offspring,12.500,0.700,0.600,0.915,0.929,0,0,1,0
2,113,21,16,2010,0.111,0.531,mother-offspring,12.500,0.778,0.556,0.889,0.711,0,0,0,0
2,113,21,16,2011,1.778,0.531,mother-offspring,12.500,0.778,0.667,0.950,0.834,0,1,1,0
2,114,23,16,2007,0.721,0.096,Excluded from model testing for effect of kinship categories,14.100,0.444,0.778,NA,NA,0,0,1,0
2,114,23,16,2008,1.544,0.096,Excluded from model testing for effect of kinship categories,14.100,0.444,0.778,NA,NA,1,0,1,0
2,114,23,16,2009,1.475,0.096,Excluded from model testing for effect of kinship categories,14.100,0.400,0.600,0.789,0.929,0,1,1,0
2,114,23,16,2010,0.218,0.096,Excluded from model testing for effect of kinship categories,14.100,0.667,0.556,0.900,0.711,0,1,0,0
2,114,23,16,2011,0.277,0.096,Excluded from model testing for effect of kinship categories,14.100,0.444,0.667,0.911,0.834,0,0,1,0
2,115,24,16,2007,0.565,0.335,Excluded from model testing for effect of kinship categories,4.000,0.111,0.778,NA,NA,1,0,1,0
2,115,24,16,2008,0.513,0.335,Excluded from model testing for effect of kinship categories,4.000,0.111,0.778,NA,NA,1,0,1,0
2,116,20,17,2009,0.674,0.000,Excluded from model testing for effect of kinship categories,8.100,0.100,0.200,0.844,0.818,1,0,0,0
2,116,20,17,2010,0.443,0.000,Excluded from model testing for effect of kinship categories,8.100,0.111,0.222,0.822,0.830,1,0,1,0
2,116,20,17,2011,0.556,0.000,Excluded from model testing for effect of kinship categories,8.100,0.111,0.222,0.921,0.851,0,0,0,0
2,117,21,17,2007,0.084,0.000,Excluded from model testing for effect of kinship categories,4.500,0.556,0.222,NA,NA,0,0,0,0
2,117,21,17,2008,0.664,0.000,Excluded from model testing for effect of kinship categories,4.500,0.667,0.222,NA,NA,0,0,0,0
2,117,21,17,2009,0.339,0.000,Excluded from model testing for effect of kinship categories,4.500,0.700,0.200,0.915,0.818,0,0,0,0
2,117,21,17,2010,1.951,0.000,Excluded from model testing for effect of kinship categories,4.500,0.778,0.222,0.889,0.830,0,0,1,0
2,117,21,17,2011,0.680,0.000,Excluded from model testing for effect of kinship categories,4.500,0.778,0.222,0.950,0.851,0,1,0,0
2,118,23,17,2007,1.947,0.500,mother-offspring,6.100,0.444,0.222,NA,NA,0,0,0,0
2,118,23,17,2008,2.036,0.500,mother-offspring,6.100,0.444,0.222,NA,NA,1,0,0,0
2,118,23,17,2009,5.098,0.500,mother-offspring,6.100,0.400,0.200,0.789,0.818,0,1,0,0
2,118,23,17,2010,2.748,0.500,mother-offspring,6.100,0.667,0.222,0.900,0.830,0,1,1,0
2,118,23,17,2011,1.360,0.500,mother-offspring,6.100,0.444,0.222,0.911,0.851,0,0,0,0
2,119,24,17,2007,0.904,0.026,Excluded from model testing for effect of kinship categories,12.000,0.111,0.222,NA,NA,1,0,0,0
2,119,24,17,2008,0.389,0.026,Excluded from model testing for effect of kinship categories,12.000,0.111,0.222,NA,NA,1,0,0,0
1,120,26,18,2009,0.651,0.128,paternal sib,3.200,0.889,0.000,0.841,0.729,0,0,0,0
1,120,26,18,2010,2.211,0.128,paternal sib,3.200,0.900,0.100,0.951,0.921,0,0,1,0
1,120,26,18,2011,1.624,0.128,paternal sib,3.200,0.900,0.600,0.929,0.887,1,0,1,0
1,121,27,18,2009,0.390,0.500,mother-offspring,14.800,0.222,0.000,0.609,0.729,0,0,0,0
1,121,27,18,2010,1.528,0.500,mother-offspring,14.800,0.300,0.100,0.740,0.921,0,1,1,0
1,121,27,18,2011,1.521,0.500,mother-offspring,14.800,0.200,0.600,0.731,0.887,0,0,1,0
1,122,28,18,2009,0.103,0.131,paternal sib,1.000,0.667,0.000,0.969,0.729,1,0,0,0
1,122,28,18,2010,2.267,0.131,paternal sib,1.000,0.800,0.100,0.882,0.921,0,0,1,0
1,122,28,18,2011,1.092,0.131,paternal sib,1.000,0.800,0.600,0.940,0.887,0,0,1,0
1,123,29,18,2009,0.000,0.274,paternal sib,5.600,1.000,0.000,0.879,0.729,0,0,0,0
1,123,29,18,2010,2.687,0.274,paternal sib,5.600,1.000,0.100,0.956,0.921,0,0,1,0
1,123,29,18,2011,0.900,0.274,paternal sib,5.600,1.000,0.600,0.976,0.887,0,1,1,0
1,124,30,18,2009,0.437,0.487,full sib,7.800,0.444,0.000,0.591,0.729,1,0,0,0
1,124,30,18,2010,1.344,0.487,full sib,7.800,0.500,0.100,0.692,0.921,0,0,1,0
1,124,30,18,2011,1.649,0.487,full sib,7.800,0.400,0.600,0.863,0.887,0,0,1,0
1,125,32,18,2009,0.332,0.274,full sib,5.100,0.111,0.000,0.619,0.729,0,0,0,0
1,125,32,18,2010,2.760,0.274,full sib,5.100,0.200,0.100,0.602,0.921,0,0,1,0
1,125,32,18,2011,0.164,0.274,full sib,5.100,0.100,0.600,0.875,0.887,0,0,1,0
3,126,22,19,2010,0.677,0.370,maternal non-kin,2.000,0.286,0.000,0.754,0.896,1,0,0,0
3,126,22,19,2011,0.198,0.370,maternal non-kin,2.000,0.167,0.000,0.828,0.837,0,0,0,0
3,127,25,19,2010,1.298,0.500,mother-offspring,9.100,0.714,0.000,0.812,0.896,1,0,0,0
3,127,25,19,2011,1.738,0.500,mother-offspring,9.100,0.500,0.000,0.830,0.837,0,0,0,0
3,128,31,19,2010,1.290,0.391,paternal sib,0.400,0.143,0.000,0.817,0.896,0,0,0,0
2,129,21,20,2009,0.420,0.310,maternal non-kin,3.600,0.700,0.100,0.915,0.844,0,0,1,0
2,129,21,20,2010,0.000,0.310,maternal non-kin,3.600,0.778,0.111,0.889,0.822,0,0,1,0
2,129,21,20,2011,0.338,0.310,maternal non-kin,3.600,0.778,0.111,0.950,0.921,0,1,0,0
2,130,23,20,2009,0.836,0.078,maternal non-kin,2.100,0.400,0.100,0.789,0.844,0,1,1,0
2,130,23,20,2010,0.851,0.078,maternal non-kin,2.100,0.667,0.111,0.900,0.822,0,1,1,0
2,130,23,20,2011,0.883,0.078,maternal non-kin,2.100,0.444,0.111,0.911,0.921,0,0,0,0
2,131,23,21,2007,0.386,0.020,paternal sib,1.600,0.444,0.556,NA,NA,0,0,0,0
2,131,23,21,2008,1.054,0.020,paternal sib,1.600,0.444,0.667,NA,NA,1,0,0,0
2,131,23,21,2009,1.605,0.020,paternal sib,1.600,0.400,0.700,0.789,0.915,0,1,0,0
2,131,23,21,2010,0.640,0.020,paternal sib,1.600,0.667,0.778,0.900,0.889,0,1,0,0
2,131,23,21,2011,0.476,0.020,paternal sib,1.600,0.444,0.778,0.911,0.950,0,0,0,1
2,132,24,21,2007,1.246,0.029,maternal non-kin,16.500,0.111,0.556,NA,NA,1,0,0,0
2,132,24,21,2008,0.384,0.029,maternal non-kin,16.500,0.111,0.667,NA,NA,1,0,0,0
3,133,25,22,2009,0.916,0.273,maternal sib,7.100,0.600,0.000,0.750,0.851,0,0,1,0
3,133,25,22,2010,0.148,0.273,maternal sib,7.100,0.714,0.286,0.812,0.754,1,0,1,0
3,133,25,22,2011,0.266,0.273,maternal sib,7.100,0.500,0.167,0.830,0.828,0,0,0,0
3,134,31,22,2010,0.481,0.500,maternal sib,1.500,0.143,0.286,0.817,0.754,0,0,1,0
2,135,24,23,2007,0.316,0.000,Excluded from model testing for effect of kinship categories,18.100,0.111,0.444,NA,NA,1,0,0,0
2,135,24,23,2008,0.209,0.000,Excluded from model testing for effect of kinship categories,18.100,0.111,0.444,NA,NA,1,0,1,0
3,136,31,25,2010,0.033,0.242,maternal sib,8.700,0.143,0.714,0.817,0.812,0,0,1,0
1,137,27,26,2006,1.604,0.075,maternal non-kin,11.600,0.000,0.600,NA,NA,0,1,0,0
1,137,27,26,2007,0.041,0.075,maternal non-kin,11.600,0.167,0.833,NA,NA,0,0,0,1
1,137,27,26,2008,0.970,0.075,maternal non-kin,11.600,0.333,0.833,NA,NA,0,1,0,0
1,137,27,26,2009,0.284,0.075,maternal non-kin,11.600,0.222,0.889,0.609,0.841,0,0,0,0
1,137,27,26,2010,0.300,0.075,maternal non-kin,11.600,0.300,0.900,0.740,0.951,0,1,0,0
1,137,27,26,2011,0.209,0.075,maternal non-kin,11.600,0.200,0.900,0.731,0.929,0,0,1,0
1,138,28,26,2009,3.068,0.497,paternal sib,2.200,0.667,0.889,0.969,0.841,1,0,0,0
1,138,28,26,2010,1.406,0.497,paternal sib,2.200,0.800,0.900,0.882,0.951,0,0,0,0
1,138,28,26,2011,1.716,0.497,paternal sib,2.200,0.800,0.900,0.940,0.929,0,0,1,0
1,139,29,26,2006,0.909,0.572,full sib,2.400,1.000,0.600,NA,NA,0,0,0,0
1,139,29,26,2007,1.628,0.572,full sib,2.400,1.000,0.833,NA,NA,0,1,0,1
1,139,29,26,2008,2.020,0.572,full sib,2.400,1.000,0.833,NA,NA,0,1,0,0
1,139,29,26,2009,2.362,0.572,full sib,2.400,1.000,0.889,0.879,0.841,0,0,0,0
1,139,29,26,2010,2.617,0.572,full sib,2.400,1.000,0.900,0.956,0.951,0,0,0,0
1,139,29,26,2011,5.320,0.572,full sib,2.400,1.000,0.900,0.976,0.929,0,1,1,0
1,140,30,26,2006,0.771,0.000,paternal sib,4.600,0.800,0.600,NA,NA,0,1,0,0
1,140,30,26,2007,1.597,0.000,paternal sib,4.600,0.667,0.833,NA,NA,1,0,0,1
1,140,30,26,2008,0.733,0.000,paternal sib,4.600,0.500,0.833,NA,NA,0,0,0,0
1,140,30,26,2009,0.255,0.000,paternal sib,4.600,0.444,0.889,0.591,0.841,1,0,0,0
1,140,30,26,2010,0.279,0.000,paternal sib,4.600,0.500,0.900,0.692,0.951,0,0,0,0
1,140,30,26,2011,0.000,0.000,paternal sib,4.600,0.400,0.900,0.863,0.929,0,0,1,0
1,141,32,26,2006,0.956,0.331,paternal sib,1.900,0.200,0.600,NA,NA,0,1,0,0
1,141,32,26,2007,0.121,0.331,paternal sib,1.900,0.333,0.833,NA,NA,0,1,0,1
1,141,32,26,2008,0.544,0.331,paternal sib,1.900,0.000,0.833,NA,NA,0,0,0,0
1,141,32,26,2009,0.000,0.331,paternal sib,1.900,0.111,0.889,0.619,0.841,0,0,0,0
1,141,32,26,2010,0.000,0.331,paternal sib,1.900,0.200,0.900,0.602,0.951,0,0,0,0
1,141,32,26,2011,0.061,0.331,paternal sib,1.900,0.100,0.900,0.875,0.929,0,0,1,0
1,142,28,27,2009,0.000,0.083,maternal non-kin,13.700,0.667,0.222,0.969,0.609,1,0,0,0
1,142,28,27,2010,0.224,0.083,maternal non-kin,13.700,0.800,0.300,0.882,0.740,0,0,0,1
1,142,28,27,2011,0.461,0.083,maternal non-kin,13.700,0.800,0.200,0.940,0.731,0,0,0,0
1,143,29,27,2005,0.123,0.113,maternal non-kin,9.200,1.000,0.250,NA,NA,1,0,0,0
1,143,29,27,2006,1.093,0.113,maternal non-kin,9.200,1.000,0.000,NA,NA,0,0,0,1
1,143,29,27,2007,0.261,0.113,maternal non-kin,9.200,1.000,0.167,NA,NA,0,1,0,0
1,143,29,27,2008,1.576,0.113,maternal non-kin,9.200,1.000,0.333,NA,NA,0,1,0,1
1,143,29,27,2009,0.097,0.113,maternal non-kin,9.200,1.000,0.222,0.879,0.609,0,0,0,0
1,143,29,27,2010,0.000,0.113,maternal non-kin,9.200,1.000,0.300,0.956,0.740,0,0,0,1
1,143,29,27,2011,0.109,0.113,maternal non-kin,9.200,1.000,0.200,0.976,0.731,0,1,0,0
1,144,30,27,2005,1.474,0.567,mother-offspring,6.900,0.750,0.250,NA,NA,0,1,0,0
1,144,30,27,2006,1.591,0.567,mother-offspring,6.900,0.800,0.000,NA,NA,0,1,0,1
1,144,30,27,2007,1.371,0.567,mother-offspring,6.900,0.667,0.167,NA,NA,1,0,0,0
1,144,30,27,2008,1.127,0.567,mother-offspring,6.900,0.500,0.333,NA,NA,0,0,0,1
1,144,30,27,2009,1.815,0.567,mother-offspring,6.900,0.444,0.222,0.591,0.609,1,0,0,0
1,144,30,27,2010,3.068,0.567,mother-offspring,6.900,0.500,0.300,0.692,0.740,0,0,0,1
1,144,30,27,2011,2.209,0.567,mother-offspring,6.900,0.400,0.200,0.863,0.731,0,0,0,0
1,145,32,27,2005,0.920,0.500,mother-offspring,9.600,0.500,0.250,NA,NA,0,0,0,0
1,145,32,27,2006,0.921,0.500,mother-offspring,9.600,0.200,0.000,NA,NA,0,1,0,1
1,145,32,27,2007,0.704,0.500,mother-offspring,9.600,0.333,0.167,NA,NA,0,1,0,0
1,145,32,27,2008,1.512,0.500,mother-offspring,9.600,0.000,0.333,NA,NA,0,0,0,1
1,145,32,27,2009,0.887,0.500,mother-offspring,9.600,0.111,0.222,0.619,0.609,0,0,0,0
1,145,32,27,2010,0.102,0.500,mother-offspring,9.600,0.200,0.300,0.602,0.740,0,0,0,1
1,145,32,27,2011,0.578,0.500,mother-offspring,9.600,0.100,0.200,0.875,0.731,0,0,0,0
1,146,29,28,2009,2.469,0.457,paternal sib,4.600,1.000,0.667,0.879,0.969,0,0,1,0
1,146,29,28,2010,2.779,0.457,paternal sib,4.600,1.000,0.800,0.956,0.882,0,0,0,0
1,146,29,28,2011,4.340,0.457,paternal sib,4.600,1.000,0.800,0.976,0.940,0,1,0,0
1,147,30,28,2009,0.810,0.123,paternal sib,6.800,0.444,0.667,0.591,0.969,1,0,1,0
1,147,30,28,2010,0.473,0.123,paternal sib,6.800,0.500,0.800,0.692,0.882,0,0,0,0
1,147,30,28,2011,0.058,0.123,paternal sib,6.800,0.400,0.800,0.863,0.940,0,0,0,0
1,148,32,28,2009,0.207,0.342,paternal sib,4.100,0.111,0.667,0.619,0.969,0,0,1,0
1,148,32,28,2010,0.518,0.342,paternal sib,4.100,0.200,0.800,0.602,0.882,0,0,0,0
1,148,32,28,2011,0.122,0.342,paternal sib,4.100,0.100,0.800,0.875,0.940,0,0,0,0
1,149,30,29,2005,3.109,0.102,paternal sib,2.200,0.750,1.000,NA,NA,0,1,1,0
1,149,30,29,2006,1.125,0.102,paternal sib,2.200,0.800,1.000,NA,NA,0,1,0,0
1,149,30,29,2007,1.068,0.102,paternal sib,2.200,0.667,1.000,NA,NA,1,0,0,1
1,149,30,29,2008,1.303,0.102,paternal sib,2.200,0.500,1.000,NA,NA,0,0,0,1
1,149,30,29,2009,1.407,0.102,paternal sib,2.200,0.444,1.000,0.591,0.879,1,0,0,0
1,149,30,29,2010,0.390,0.102,paternal sib,2.200,0.500,1.000,0.692,0.956,0,0,0,0
1,149,30,29,2011,0.597,0.102,paternal sib,2.200,0.400,1.000,0.863,0.976,0,0,0,1
1,150,32,29,2005,0.237,0.173,paternal sib,0.500,0.500,1.000,NA,NA,0,0,1,0
1,150,32,29,2006,0.479,0.173,paternal sib,0.500,0.200,1.000,NA,NA,0,1,0,0
1,150,32,29,2007,0.085,0.173,paternal sib,0.500,0.333,1.000,NA,NA,0,1,0,1
1,150,32,29,2008,0.226,0.173,paternal sib,0.500,0.000,1.000,NA,NA,0,0,0,1
1,150,32,29,2009,0.107,0.173,paternal sib,0.500,0.111,1.000,0.619,0.879,0,0,0,0
1,150,32,29,2010,0.370,0.173,paternal sib,0.500,0.200,1.000,0.602,0.956,0,0,0,0
1,150,32,29,2011,0.338,0.173,paternal sib,0.500,0.100,1.000,0.875,0.976,0,0,0,1
1,151,32,30,2005,1.493,0.565,full sib,2.700,0.500,0.750,NA,NA,0,0,0,1
1,151,32,30,2006,0.454,0.565,full sib,2.700,0.200,0.800,NA,NA,0,1,0,1
1,151,32,30,2007,0.879,0.565,full sib,2.700,0.333,0.667,NA,NA,0,1,1,0
1,151,32,30,2008,0.522,0.565,full sib,2.700,0.000,0.500,NA,NA,0,0,0,0
1,151,32,30,2009,1.098,0.565,full sib,2.700,0.111,0.444,0.619,0.591,0,0,1,0
1,151,32,30,2010,1.306,0.565,full sib,2.700,0.200,0.500,0.602,0.692,0,0,0,0
1,151,32,30,2011,0.535,0.565,full sib,2.700,0.100,0.400,0.875,0.863,0,0,0,0